{"resourceType":"SearchParameter","id":"patient-identifier","text":{"status":"generated","div":"<div xmlns=\"http://www.w3.org/1999/xhtml\"><p class=\"res-header-id\"><b>Generated Narrative: SearchParameter patient-identifier</b></p><a name=\"patient-identifier\"> </a><a name=\"hcpatient-identifier\"> </a><a name=\"patient-identifier-en-US\"> </a><h2>PatientIdentifierSearchParameter</h2><p>Parameter <code>identifier</code>:<code>token</code></p><div><p>This SearchParameter enables query of patient by <code>identifier</code> with <code>mutlipleOr</code> enabled.</p>\n</div><table class=\"grid\"><tr><td>Resource</td><td><a href=\"http://hl7.org/fhir/R4/patient.html\">Patient</a></td></tr><tr><td>Expression</td><td>(none)</td></tr><tr><td>Multiples</td><td><ul><li>multipleAnd: It's up to the server whether the parameter may repeat in order to specify multiple values that must all be true</li><li>multipleOr: The parameter may have multiple values (separated by comma) where at least one must be true</li></ul></td></tr></table></div>"},"url":"https://open-health-manager.github.io/standard-patient-health-record-ig/1.0.0-ballot/SearchParameter/patient-identifier","version":"1.0.0-ballot","name":"PatientIdentifierSearchParameter","derivedFrom":"http://hl7.org/fhir/SearchParameter/Resource-id","status":"active","date":"2024-12-07T10:44:13-06:00","publisher":"MITRE","contact":[{"name":"MITRE","telecom":[{"system":"url","value":"https://open-health-manager.github.io/standard-patient-health-record-ig"}]}],"description":"This SearchParameter enables query of patient by `identifier` with `mutlipleOr` enabled.","code":"identifier","base":["Patient"],"type":"token","multipleOr":true}