<?xml version="1.0" encoding="UTF-8"?>

<ValueSet xmlns="http://hl7.org/fhir">
  <id value="apple-health-kit-correlation-type-value-set"/>
  <text>
    <status value="generated"/><div xmlns="http://www.w3.org/1999/xhtml"><p class="res-header-id"><b>Generated Narrative: ValueSet apple-health-kit-correlation-type-value-set</b></p><a name="apple-health-kit-correlation-type-value-set"> </a><a name="hcapple-health-kit-correlation-type-value-set"> </a><a name="apple-health-kit-correlation-type-value-set-en-US"> </a><ul><li>Include all codes defined in <a href="CodeSystem-apple-health-kit-correlation-type-code-system.html"><code>https://open-health-manager.github.io/standard-patient-health-record-ig/1.0.0-ballot/CodeSystem/apple-health-kit-correlation-type-code-system</code></a></li></ul></div>
  </text>
  <url value="https://open-health-manager.github.io/standard-patient-health-record-ig/1.0.0-ballot/ValueSet/apple-health-kit-correlation-type-value-set"/>
  <version value="1.0.0-ballot"/>
  <name value="AppleHealthKitCorrelationTypeValueSet"/>
  <title value="Apple HealthKit Correlation Type Value Set"/>
  <status value="draft"/>
  <experimental value="true"/>
  <date value="2024-12-07T10:44:13-06:00"/>
  <publisher value="MITRE"/>
  <contact>
    <name value="MITRE"/>
    <telecom>
      <system value="url"/>
      <value value="https://open-health-manager.github.io/standard-patient-health-record-ig"/>
    </telecom>
  </contact>
  <description value="Possible values for AppleHealthKitSample.correlationType"/>
  <compose>
    <include>
      <system value="https://open-health-manager.github.io/standard-patient-health-record-ig/1.0.0-ballot/CodeSystem/apple-health-kit-correlation-type-code-system"/>
    </include>
  </compose>
</ValueSet>