<?xml version="1.0" encoding="UTF-8"?><SearchParameter xmlns="http://hl7.org/fhir"><id value="search-from-date"/><text><status value="generated"/><div xmlns="http://www.w3.org/1999/xhtml"><p class="res-header-id"><b>Generated Narrative: SearchParameter search-from-date</b></p><a name="search-from-date"> </a><a name="hcsearch-from-date"> </a><a name="hcsearch-from-date-en-US"> </a><h2>SearchFromDateSearchParameter</h2><p>Parameter <code>search-from-date</code>:<code>date</code></p><div><p>Return records from this date</p>
</div><table class="grid"><tr><td>Resource</td><td><a href="http://hl7.org/fhir/R4/patient.html">Patient</a></td></tr><tr><td>Expression</td><td>(none)</td></tr><tr><td>Multiples</td><td><ul><li>multipleAnd: It's up to the server whether the parameter may repeat in order to specify multiple values that must all be true</li><li>multipleOr: It's up to the server whether the parameter can have multiple values (separated by comma) where at least one must be true</li></ul></td></tr></table></div></text><url value="https://open-health-manager.github.io/standard-patient-health-record-ig/SearchParameter/search-from-date"/><version value="0.4.6"/><name value="SearchFromDateSearchParameter"/><status value="active"/><date value="2024-07-11T23:09:29-05:00"/><publisher value="MITRE"/><contact><name value="MITRE"/><telecom><system value="url"/><value value="https://open-health-manager.github.io/standard-patient-health-record-ig"/></telecom></contact><description value="Return records from this date"/><code value="search-from-date"/><base value="Patient"/><type value="date"/></SearchParameter>