<?xml version="1.0" encoding="UTF-8"?><ValueSet xmlns="http://hl7.org/fhir"><id value="apple-health-kit-category-type-value-set"/><text><status value="generated"/><div xmlns="http://www.w3.org/1999/xhtml"><ul><li>Include all codes defined in <a href="CodeSystem-apple-health-kit-category-type-code-system.html"><code>https://open-health-manager.github.io/standard-patient-health-record-ig/CodeSystem/apple-health-kit-category-type-code-system</code></a></li></ul></div></text><url value="https://open-health-manager.github.io/standard-patient-health-record-ig/ValueSet/apple-health-kit-category-type-value-set"/><version value="0.4.6"/><name value="AppleHealthKitCategoryTypeValueSet"/><title value="Apple HealthKit Category Type Value Set"/><status value="draft"/><date value="2024-05-22T11:48:28-05:00"/><publisher value="MITRE"/><contact><name value="MITRE"/><telecom><system value="url"/><value value="https://open-health-manager.github.io/standard-patient-health-record-ig"/></telecom></contact><description value="A type that identifies samples that contain a value from a small set of possible values."/><compose><include><system value="https://open-health-manager.github.io/standard-patient-health-record-ig/CodeSystem/apple-health-kit-category-type-code-system"/></include></compose></ValueSet>