<?xml version="1.0" encoding="UTF-8"?><ValueSet xmlns="http://hl7.org/fhir"><id value="apple-health-kit-sample-type-value-set"/><text><status value="generated"/><div xmlns="http://www.w3.org/1999/xhtml"><ul><li>Include all codes defined in <a href="CodeSystem-apple-health-kit-sample-type-code-system.html"><code>https://open-health-manager.github.io/standard-patient-health-record-ig/CodeSystem/apple-health-kit-sample-type-code-system</code></a></li></ul></div></text><url value="https://open-health-manager.github.io/standard-patient-health-record-ig/ValueSet/apple-health-kit-sample-type-value-set"/><version value="0.4.5"/><name value="AppleHealthKitSampleTypeValueSet"/><title value="Apple HealthKit Sample Type Value Set"/><status value="draft"/><date value="2024-04-24T11:28:13-05:00"/><publisher value="MITRE"/><contact><name value="MITRE"/><telecom><system value="url"/><value value="https://open-health-manager.github.io/standard-patient-health-record-ig"/></telecom></contact><description value="Possible values for AppleHealthKitSample.sampleType"/><compose><include><system value="https://open-health-manager.github.io/standard-patient-health-record-ig/CodeSystem/apple-health-kit-sample-type-code-system"/></include></compose></ValueSet>