<?xml version="1.0" encoding="UTF-8"?><ValueSet xmlns="http://hl7.org/fhir"><id value="apple-health-kit-biological-sex-value-set"/><text><status value="generated"/><div xmlns="http://www.w3.org/1999/xhtml"><p class="res-header-id"><b>Generated Narrative: ValueSet apple-health-kit-biological-sex-value-set</b></p><a name="apple-health-kit-biological-sex-value-set"> </a><a name="hcapple-health-kit-biological-sex-value-set"> </a><a name="hcapple-health-kit-biological-sex-value-set-en-US"> </a><ul><li>Include all codes defined in <a href="CodeSystem-apple-health-kit-biological-sex-code-system.html"><code>https://open-health-manager.github.io/standard-patient-health-record-ig/CodeSystem/apple-health-kit-biological-sex-code-system</code></a></li></ul></div></text><url value="https://open-health-manager.github.io/standard-patient-health-record-ig/ValueSet/apple-health-kit-biological-sex-value-set"/><version value="0.4.6"/><name value="AppleHealthKitBiologicalSexValueSet"/><title value="Apple HealthKit Biological Sex Value Set"/><status value="draft"/><date value="2024-07-11T23:09:29-05:00"/><publisher value="MITRE"/><contact><name value="MITRE"/><telecom><system value="url"/><value value="https://open-health-manager.github.io/standard-patient-health-record-ig"/></telecom></contact><description value="Apple HealthKit Biological Sex Value Set"/><compose><include><system value="https://open-health-manager.github.io/standard-patient-health-record-ig/CodeSystem/apple-health-kit-biological-sex-code-system"/></include></compose></ValueSet>