{"resourceType":"ValueSet","id":"pcd-sleep-observation-value","text":{"status":"generated","div":"<div xmlns=\"http://www.w3.org/1999/xhtml\"><p class=\"res-header-id\"><b>Generated Narrative: ValueSet pcd-sleep-observation-value</b></p><a name=\"pcd-sleep-observation-value\"> </a><a name=\"hcpcd-sleep-observation-value\"> </a><a name=\"hcpcd-sleep-observation-value-en-US\"> </a><ul><li>Include these codes as defined in <a href=\"http://www.snomed.org/\"><code>http://snomed.info/sct</code></a><table class=\"none\"><tr><td style=\"white-space:nowrap\"><b>Code</b></td><td><b>Display</b></td></tr><tr><td><a href=\"http://snomed.info/id/248220008\">248220008</a></td><td>Asleep (finding)</td></tr><tr><td><a href=\"http://snomed.info/id/248218005\">248218005</a></td><td>Awake (finding)</td></tr><tr><td><a href=\"http://snomed.info/id/60984000\">60984000</a></td><td>Non-rapid eye movement sleep, function (observable entity)</td></tr><tr><td><a href=\"http://snomed.info/id/89129007\">89129007</a></td><td>Rapid eye movement sleep, function (observable entity)</td></tr><tr><td><a href=\"http://snomed.info/id/261665006\">261665006</a></td><td>Unknown (qualifier value)</td></tr></table></li></ul></div>"},"url":"https://open-health-manager.github.io/standard-patient-health-record-ig/ValueSet/pcd-sleep-observation-value","version":"0.4.6","name":"PCDSleepStageValueCode","title":"Patient contributed data: sleep stage value","status":"draft","date":"2024-07-11T23:09:29-05:00","publisher":"MITRE","contact":[{"name":"MITRE","telecom":[{"system":"url","value":"https://open-health-manager.github.io/standard-patient-health-record-ig"}]}],"description":"This value set includes codes to track patient sleep values recorded by device or app","compose":{"include":[{"system":"http://snomed.info/sct","concept":[{"code":"248220008","display":"Asleep (finding)"},{"code":"248218005","display":"Awake (finding)"},{"code":"60984000","display":"Non-rapid eye movement sleep, function (observable entity)"},{"code":"89129007","display":"Rapid eye movement sleep, function (observable entity)"},{"code":"261665006","display":"Unknown (qualifier value)"}]}]}}