{
  "resourceType" : "SearchParameter",
  "id" : "search-from-date",
  "text" : {
    "status" : "generated",
    "div" : "<div xmlns=\"http://www.w3.org/1999/xhtml\"><p class=\"res-header-id\"><b>Generated Narrative: SearchParameter search-from-date</b></p><a name=\"search-from-date\"> </a><a name=\"hcsearch-from-date\"> </a><a name=\"hcsearch-from-date-en-US\"> </a><h2>SearchFromDateSearchParameter</h2><p>Parameter <code>search-from-date</code>:<code>date</code></p><div><p>Return records from this date</p>\n</div><table class=\"grid\"><tr><td>Resource</td><td><a href=\"http://hl7.org/fhir/R4/patient.html\">Patient</a></td></tr><tr><td>Expression</td><td>(none)</td></tr><tr><td>Multiples</td><td><ul><li>multipleAnd: It's up to the server whether the parameter may repeat in order to specify multiple values that must all be true</li><li>multipleOr: It's up to the server whether the parameter can have multiple values (separated by comma) where at least one must be true</li></ul></td></tr></table></div>"
  },
  "url" : "https://open-health-manager.github.io/standard-patient-health-record-ig/SearchParameter/search-from-date",
  "version" : "0.4.6",
  "name" : "SearchFromDateSearchParameter",
  "status" : "active",
  "date" : "2024-07-11T23:09:29-05:00",
  "publisher" : "MITRE",
  "contact" : [{
    "name" : "MITRE",
    "telecom" : [{
      "system" : "url",
      "value" : "https://open-health-manager.github.io/standard-patient-health-record-ig"
    }]
  }],
  "description" : "Return records from this date",
  "code" : "search-from-date",
  "base" : ["Patient"],
  "type" : "date"
}