{
  "resourceType" : "ValueSet",
  "id" : "apple-health-kit-workout-event-type-value-set",
  "text" : {
    "status" : "generated",
    "div" : "<div xmlns=\"http://www.w3.org/1999/xhtml\"><p class=\"res-header-id\"><b>Generated Narrative: ValueSet apple-health-kit-workout-event-type-value-set</b></p><a name=\"apple-health-kit-workout-event-type-value-set\"> </a><a name=\"hcapple-health-kit-workout-event-type-value-set\"> </a><a name=\"apple-health-kit-workout-event-type-value-set-en-US\"> </a><ul><li>Include all codes defined in <a href=\"CodeSystem-apple-health-kit-workout-event-type-code-system.html\"><code>http://hl7.org/fhir/uv/phr/CodeSystem/apple-health-kit-workout-event-type-code-system</code></a></li></ul></div>"
  },
  "extension" : [{
    "url" : "http://hl7.org/fhir/StructureDefinition/structuredefinition-wg",
    "valueCode" : "pe"
  }],
  "url" : "http://hl7.org/fhir/uv/phr/ValueSet/apple-health-kit-workout-event-type-value-set",
  "version" : "1.0.0-ballot",
  "name" : "AppleHealthKitWorkoutEventTypeValueSet",
  "title" : "Apple HealthKit Workout Event Type Value Set",
  "status" : "draft",
  "experimental" : true,
  "date" : "2024-12-15T12:20:20-06:00",
  "publisher" : "HL7 International / Patient Empowerment",
  "contact" : [{
    "name" : "HL7 International / Patient Empowerment",
    "telecom" : [{
      "system" : "url",
      "value" : "http://www.hl7.org/Special/committees/patientempowerment"
    }]
  }],
  "description" : "Possible values for AppleHealthKitWorkoutEvent.type",
  "jurisdiction" : [{
    "coding" : [{
      "system" : "http://unstats.un.org/unsd/methods/m49/m49.htm",
      "code" : "001",
      "display" : "World"
    }]
  }],
  "compose" : {
    "include" : [{
      "system" : "http://hl7.org/fhir/uv/phr/CodeSystem/apple-health-kit-workout-event-type-code-system"
    }]
  }
}