URL,Version,Status,OIDs,Name,Title,Description,Uses,Used,Sources
http://hl7.org/fhir/uv/phr/ValueSet/appetite-changes,1.0.0-ballot2,active,,AppetiteChangesValueSet,Symptom Appetite Changes,"Codes expressing changes in appetite",,"Internal"
http://hl7.org/fhir/uv/phr/ValueSet/body-temperature-measurement-location,1.0.0-ballot2,active,,BodyTemperatureMeasurementLocationValueset,Body Temperature Measurement Location Codes,"Code indicating the location where the body temperature was measured",,"Internal"
http://hl7.org/fhir/uv/phr/ValueSet/observation-activity-codes,1.0.0-ballot2,active,,ObservationActivity,Observation Activity Codes,"Codes representing activity-related measurement items",,"Internal"
http://hl7.org/fhir/uv/phr/ValueSet/observation-alchol-consumption-codes,1.0.0-ballot2,active,,ObservationAlcholConsumption,Observation AlcholConsumption Codes,"Codes representing items measured for alcohol consumption",,"Internal"
http://hl7.org/fhir/uv/phr/ValueSet/observation-body-measurements-codes,1.0.0-ballot2,active,,ObservationBodyMeasurementsValueSet,Observation BodyMeasurements Codes,"Codes representing measurement items related to physical measurements",,"Internal"
http://hl7.org/fhir/uv/phr/ValueSet/observation-diving-codes,1.0.0-ballot2,active,,ObservationDiving,Observation Diving Codes,"Codes for diving-related measurement items",,"Internal"
http://hl7.org/fhir/uv/phr/ValueSet/observation-ecg-classification-codes,1.0.0-ballot2,active,,ObservationEcgClassificationValueSet,ECG Classification Codes,"Codes for classification of ECG waveforms",,"Internal"
http://hl7.org/fhir/uv/phr/ValueSet/observation-ecg-lead-codes,1.0.0-ballot2,active,,ObservationEcgLeadValueSet,ECG Lead Codes,"Codes for ECG induction",,"Internal"
http://hl7.org/fhir/uv/phr/ValueSet/observation-ecg-symptoms-status-codes,1.0.0-ballot2,active,,ObservationEcgSymptomsStatusValueSet,ECG Symptoms Status Codes,"Code indicating whether or not the user's symptoms are input during ECG waveform acquisition",,"Internal"
http://hl7.org/fhir/uv/phr/ValueSet/observation-ecgcodes,1.0.0-ballot2,active,,ObservationEcgValueSet,ECG Lead Codes,"Codes for ECG and related items",,"Internal"
http://hl7.org/fhir/uv/phr/ValueSet/observation-gad7-risk-codes,1.0.0-ballot2,active,,ObservationGAD7Risk,Observation GAD7 Risk Codes,"Codes representing GAD-7 Assesment Risk measurement items",,"Internal"
http://hl7.org/fhir/uv/phr/ValueSet/observation-hearing-codes,1.0.0-ballot2,active,,ObservationHearing,Observation Hearing Codes,"Code for a measurement item related to hearing",,"Internal"
http://hl7.org/fhir/uv/phr/ValueSet/observation-lab-results-codes,1.0.0-ballot2,active,,ObservationLabResultsValueSet,Observation LabResults Codes,"Codes representing measurement items associated with the inspection",,"Internal"
http://hl7.org/fhir/uv/phr/ValueSet/observation-mind-codes,1.0.0-ballot2,active,,ObservationMind,Observation Mind Codes,"Codes representing mind measurement items",,"Internal"
http://hl7.org/fhir/uv/phr/ValueSet/observation-mindfulness-codes,1.0.0-ballot2,active,,ObservationMindfulness,Observation Mindfulness Codes,"Codes representing mindfulness-related measures",,"Internal"
http://hl7.org/fhir/uv/phr/ValueSet/observation-mobility-codes,1.0.0-ballot2,active,,ObservationMobility,Observation Mobility Codes,"Codes representing mobility-related measurement items",,"Internal"
http://hl7.org/fhir/uv/phr/ValueSet/observation-nutrition-codes,1.0.0-ballot2,active,,ObservationNutrition,Observation Nutrition Codes,"Codes representing nutrition-related measures",,"Internal"
http://hl7.org/fhir/uv/phr/ValueSet/observation-phq9-risk-codes,1.0.0-ballot2,active,,ObservationPHQ9Risk,Observation PHQ9Risk Codes,"Codes representing PHQ-9 Assesment Risk measurement items",,"Internal"
http://hl7.org/fhir/uv/phr/ValueSet/observation-reproductive-health-codes,1.0.0-ballot2,active,,ObservationReproductiveHealth,Observation ReproductiveHealth Codes,"Codes representing reproductive-health-related measures",,"Internal"
http://hl7.org/fhir/uv/phr/ValueSet/observation-scored-assessment-codes,1.0.0-ballot2,active,,ObservationScoredAssessment,Observation Scored Assessment Codes,"Code for scored assessment",,"Internal"
http://hl7.org/fhir/uv/phr/ValueSet/observation-scored-assessment-score-codes,1.0.0-ballot2,active,,ObservationScoredAssessmentScore,Observation State of Mind Codes,"Codes for state of mind",,"LOINC"
http://hl7.org/fhir/uv/phr/ValueSet/observation-selfcare-codes,1.0.0-ballot2,active,,ObservationSelfCare,Observation SelfCare Codes,"Codes representing selfcare-related measurement items",,"Internal"
http://hl7.org/fhir/uv/phr/ValueSet/observation-sleep-codes,1.0.0-ballot2,active,,ObservationSleep,Observation Sleep Codes,"Codes representing sleep-related measurement items",,"Internal"
http://hl7.org/fhir/uv/phr/ValueSet/observation-state-of-mind-association-codes,1.0.0-ballot2,active,,ObservationStateOfMindAssociation,Observation State of Mind Association Codes,"Codes for state of mind association",,"Internal"
http://hl7.org/fhir/uv/phr/ValueSet/observation-state-of-mind-codes,1.0.0-ballot2,active,,ObservationStateOfMind,Observation State of Mind Codes,"Codes for state of mind",,"Internal"
http://hl7.org/fhir/uv/phr/ValueSet/observation-state-of-mind-kind-codes,1.0.0-ballot2,active,,ObservationStateOfMindKind,Observation State of Mind Kind Codes,"Codes for state of mind kind",,"Internal"
http://hl7.org/fhir/uv/phr/ValueSet/observation-state-of-mind-label-codes,1.0.0-ballot2,active,,ObservationStateOfMindLabel,Observation State of Mind Label Codes,"Codes for state of mind label",,"Internal"
http://hl7.org/fhir/uv/phr/ValueSet/observation-state-of-mind-valence-codes,1.0.0-ballot2,active,,ObservationStateOfMindValence,Observation State of Mind Valence Codes,"Codes for state of mind valence",,"Internal"
http://hl7.org/fhir/uv/phr/ValueSet/observation-symptom-codes,1.0.0-ballot2,active,,ObservationSymptom,Observation Symptom Codes,"Codes representing symptom-related measurement items",,"Internal"
http://hl7.org/fhir/uv/phr/ValueSet/observation-symptom-snomedct-codes,1.0.0-ballot2,active,,ObservationSymptomSNOMEDCT,Observation Symptom SNOMED CT Codes,"Codes representing symptom-related measurement items with SNOMED CT",,"SCT"
http://hl7.org/fhir/uv/phr/ValueSet/observation-uvexposure-codes,1.0.0-ballot2,active,,ObservationUVExposure,Observation UVExposure Codes,"Codes representing UV Exposure-related measurement items",,"Internal"
http://hl7.org/fhir/uv/phr/ValueSet/observation-vital-signs-codes,1.0.0-ballot2,active,,ObservationVitalsignsValueSet,Observation Vitalsigns Codes,"Codes representing vitalsigns-related measurement items",,"Internal"
http://hl7.org/fhir/uv/phr/ValueSet/observation-workout-codes,1.0.0-ballot2,active,,ObservationWorkout,Observation Workout Codes,"Codes representing workout-related measurement items",,"Internal"
http://hl7.org/fhir/uv/phr/ValueSet/pcd-sleep-observation-code,1.0.0-ballot2,active,,PCDSleepObservationCode,Patient contributed data: sleep observation code,"This value set includes codes to track patient sleep recorded by device or app",,"SCT,LOINC"
http://hl7.org/fhir/uv/phr/ValueSet/pcd-sleep-observation-value,1.0.0-ballot2,active,,PCDSleepStageValueCode,Patient contributed data: sleep stage value,"This value set includes codes to track patient sleep values recorded by device or app",,"SCT"
http://hl7.org/fhir/uv/phr/ValueSet/sleep-analysis,1.0.0-ballot2,active,,SleepAnalysisValueSet,Sleep Analysis,"Codes for stages of sleep",,"Internal"
http://hl7.org/fhir/uv/phr/ValueSet/symptom-presence,1.0.0-ballot2,active,,SymptomPresenceValueSet,Symptom Presence,"Code for presence or absence of symptoms",,"Internal"
http://hl7.org/fhir/uv/phr/ValueSet/symptom-severity,1.0.0-ballot2,active,,SymptomSeverityValueSet,Symptom Severity,"Code for degree of symptoms",,"Internal"
