URL,Version,Status,OIDs,Name,Title,Descriptino,Used
https://open-health-manager.github.io/standard-patient-health-record-ig/CodeSystem/apple-health-kit-biological-sex-code-system,0.4.6,draft,,AppleHealthKitBiologicalSexCodeSystem,Apple HealthKit Biological Sex Code System,"Constants indicating the user’s sex.",
https://open-health-manager.github.io/standard-patient-health-record-ig/CodeSystem/apple-health-kit-category-type-code-system,0.4.6,draft,,AppleHealthKitCategoryTypeCodeSystem,Apple HealthKit Category Type Code System,"HKCategoryTypeIdentifier - Identifiers for creating category types.",
https://open-health-manager.github.io/standard-patient-health-record-ig/CodeSystem/apple-health-kit-characteristic-type-code-system,0.4.6,draft,,AppleHealthKitCharacteristicTypeCodeSystem,Apple HealthKit Characteristic Type Code System,"The identifiers that create characteristic type objects.",
https://open-health-manager.github.io/standard-patient-health-record-ig/CodeSystem/apple-health-kit-correlation-type-code-system,0.4.6,draft,,AppleHealthKitCorrelationTypeCodeSystem,Apple HealthKit Correlation Type Code System,"Code System required for defining correlationType ValueSet",
https://open-health-manager.github.io/standard-patient-health-record-ig/CodeSystem/apple-health-kit-quantity-type-code-system,0.4.6,draft,,AppleHealthKitQuantityTypeCodeSystem,Apple HealthKit Quantity Type Code System,"Code System required for defining quantityType ValueSet",
https://open-health-manager.github.io/standard-patient-health-record-ig/CodeSystem/apple-health-kit-sample-type-code-system,0.4.6,draft,,AppleHealthKitSampleTypeCodeSystem,Apple HealthKit Sample Type Code System,"Code System required for defining sampleType ValueSet",
https://open-health-manager.github.io/standard-patient-health-record-ig/CodeSystem/apple-health-kit-workout-activity-type-code-system,0.4.6,draft,,AppleHEalthKitWorkoutActivityTypeCodeSystem,Apple HealthKit Workout Activity Type Code System,"Code System required for defining workoutActivityType ValueSet",
https://open-health-manager.github.io/standard-patient-health-record-ig/CodeSystem/apple-health-kit-workout-event-type-code-system,0.4.6,draft,,AppleHealthKitWorkoutEventTypeCodeSystem,Apple HealthKit Workout Event Type Code System,"Code System required for defining workout event type ValueSet",
