Source File	Size	loadResources	load	generateSnapshots	load-configure	scan	loadDepInfo	loadInfo	checkR4R4B	generateNarratives	validate	loadLists	checkConformanceResources	checkConformanceResources2	checkConformanceResources3	generateLogicalMaps	validateExpressions	scanForUsageStats	checkURLsUnique	processProvenanceDetails	translate	generate1	generate2	responsesForQuestionnaire	generateLogicals	makeDependencies	generateExampleZip	generateValidationPack	scanProfilesForR5	scanExamplesForR5
/fsh-generated/resources/ImplementationGuide-hl7.fhir.uv.phr.json	64442	-	0	0	0	0	0	0	45	1085	1	0	5	0	3	0	0	26	5	0	0	7299	4225	0	0	15	1	299	0	176
fsh-generated/resources/Bundle-PhrBundle-example.json	6153	176	201	0	6	0	0	0	4	4243	0	0	0	0	0	0	0	0	0	0	0	1342	619	0	2	2	7	1	1	29
fsh-generated/resources/Bundle-pdr-message.json	7599	49	63	0	0	0	0	0	1	1497	0	0	0	0	0	0	0	0	0	0	0	653	1197	0	1	6	1	0	1	18
fsh-generated/resources/CodeSystem-appetite-changes-codes.json	929	11	0	0	1	0	1	0	1	135	0	0	48	0	0	0	0	7	0	0	0	269	3503	0	1	2	1	7	1	17
fsh-generated/resources/CodeSystem-body-posture-codes.json	979	26	0	0	0	0	0	0	0	11	0	0	1	0	0	0	0	10	0	0	0	742	905	0	1	0	0	6	0	7
fsh-generated/resources/CodeSystem-body-temperature-measurement-location-codes.json	2393	8	0	0	0	0	0	0	1	13	0	0	0	0	0	0	0	10	0	0	0	402	2577	0	0	0	0	11	0	6
fsh-generated/resources/CodeSystem-ecg-classification-codes.json	1769	8	0	0	0	0	0	0	2	25	0	0	0	0	0	0	0	0	0	0	0	219	1635	0	0	0	0	3	0	8
fsh-generated/resources/CodeSystem-ecg-codes.json	730	7	0	0	0	0	0	0	1	16	0	0	0	0	0	0	0	3	0	0	0	140	761	0	0	0	0	1	0	14
fsh-generated/resources/CodeSystem-ecg-lead-codes.json	1142	9	0	0	1	0	0	0	2	16	0	0	0	0	0	0	0	7	0	0	0	103	1040	0	0	0	0	1	0	4
fsh-generated/resources/CodeSystem-ecg-symptoms-status-codes.json	917	7	0	0	1	0	0	0	1	9	0	0	0	0	0	0	0	4	0	0	0	290	1195	0	0	0	0	2	0	4
fsh-generated/resources/CodeSystem-gad7-risk-codes.json	657	11	0	0	0	0	0	0	0	16	0	0	0	0	0	0	0	0	0	0	0	1340	1025	0	0	0	1	1	0	5
fsh-generated/resources/CodeSystem-hearing-sensitivity-codes.json	884	6	0	0	0	0	0	0	0	10	0	0	0	0	0	0	0	1	0	0	0	359	1011	0	0	0	0	1	0	2
fsh-generated/resources/CodeSystem-observation-pghd-codes.json	102606	36	0	0	1	0	0	0	61	289	0	0	2	0	0	0	0	23	0	0	0	2768	9881	0	0	0	1	49	2	98
fsh-generated/resources/CodeSystem-phq9-risk-codes.json	741	10	0	0	1	0	0	0	1	95	0	0	0	0	0	0	0	1	0	0	0	223	755	0	0	0	0	8	0	4
fsh-generated/resources/CodeSystem-presence-codes.json	644	8	0	0	1	0	0	0	0	41	0	0	0	0	0	0	0	3	0	0	0	133	412	0	0	0	0	8	0	3
fsh-generated/resources/CodeSystem-scored-assessment-codes.json	573	12	0	0	0	0	0	0	0	19	0	0	0	0	0	0	0	1	0	0	0	161	603	0	0	0	0	5	0	0
fsh-generated/resources/CodeSystem-sleep-analysis-codes.json	1157	14	0	0	1	0	0	0	1	38	0	0	0	0	0	0	0	10	0	0	0	221	668	0	0	0	0	5	0	7
fsh-generated/resources/CodeSystem-sleep-episode-codes.json	1545	14	0	0	0	0	0	0	0	19	0	0	0	0	0	0	0	3	0	0	0	173	2566	0	0	0	0	6	0	9
fsh-generated/resources/CodeSystem-snore-event-item-codes.json	597	5	0	0	0	0	0	0	1	13	0	0	0	0	0	0	0	1	0	0	0	374	1763	0	0	0	1	0	0	6
fsh-generated/resources/CodeSystem-state-of-mind-association-codes.json	1639	15	0	0	0	0	0	0	1	11	0	0	0	0	0	0	0	4	0	0	0	222	1286	0	0	0	0	4	0	9
fsh-generated/resources/CodeSystem-state-of-mind-codes.json	750	12	0	0	1	0	0	0	0	14	0	0	0	0	0	0	0	1	0	0	0	167	720	0	2	0	0	1	1	36
fsh-generated/resources/CodeSystem-state-of-mind-kind-codes.json	574	10	0	0	0	0	0	0	1	19	0	0	0	0	0	0	0	3	0	0	0	143	1471	0	0	0	0	1	1	1
fsh-generated/resources/CodeSystem-state-of-mind-label-codes.json	2937	17	0	0	0	0	0	0	1	23	0	0	1	0	0	0	0	5	0	0	0	156	921	0	0	0	1	9	0	4
fsh-generated/resources/CodeSystem-state-of-mind-valence-codes.json	965	3	0	1	0	0	0	0	0	18	0	0	0	0	0	0	0	0	0	0	0	113	1024	0	0	0	0	3	0	2
fsh-generated/resources/CodeSystem-symptom-severity-codes.json	1001	4	0	0	1	0	0	0	1	18	0	0	0	0	0	0	0	0	0	0	0	99	750	0	1	0	0	11	0	4
fsh-generated/resources/Composition-jane-doe-composition.json	1062	8	0	0	0	0	0	0	6	4	0	0	0	0	0	0	0	0	0	0	0	97	2119	0	0	0	4	0	0	1
fsh-generated/resources/ConceptMap-symptom-pghd-to-snomedct.json	8059	10	0	0	0	0	0	0	3	809	0	0	2	0	0	0	0	19	0	0	0	275	1932	0	0	14	0	4	1	24
fsh-generated/resources/ConceptMap-symptom-snomedct-to-pghd.json	8059	6	0	2	0	0	0	0	2	177	0	0	0	0	0	0	0	10	1	0	0	802	1668	0	0	0	0	8	0	33
fsh-generated/resources/DocumentReference-jane-doe-genomics-document.json	573	5	0	0	2	0	0	0	0	26	0	0	0	0	0	0	0	0	0	0	0	284	1506	0	0	0	2	0	0	0
fsh-generated/resources/Media-jane-doe-media.json	544	6	0	0	0	0	0	0	0	14	0	0	0	0	0	0	0	0	0	0	0	160	551	1	0	0	0	0	1	0
fsh-generated/resources/MedicationAdministration-pghd-medicationadministration-insulin-1.json	954	3	0	0	0	0	0	0	2	36	0	0	0	0	0	0	0	0	0	0	0	125	851	0	0	0	1	0	0	3
fsh-generated/resources/Observation-PCDSleepObservation-duration-example.json	643	3	0	0	2	0	0	0	1	16	0	0	0	0	0	0	0	0	0	0	0	104	2081	0	0	0	3	0	1	4
fsh-generated/resources/Observation-PCDSleepObservation-stage-example.json	802	5	0	0	0	0	0	0	2	6	0	0	0	0	0	0	0	0	0	0	0	117	516	0	0	0	0	0	1	0
fsh-generated/resources/Observation-ScoredAssessmentGAD7Example.json	2572	8	0	0	0	0	2	0	1	25	0	0	0	0	0	0	0	0	0	0	0	141	1524	0	0	0	1	0	0	4
fsh-generated/resources/Observation-ScoredAssessmentPHQ9Example.json	2568	6	0	0	2	0	0	0	0	5	0	0	0	0	0	1	0	0	0	0	0	298	424	0	0	0	1	0	0	0
fsh-generated/resources/Observation-StateOfMind2Example.json	4007	10	0	0	2	0	0	0	5	16	0	0	0	0	0	0	0	0	0	0	0	752	1407	1	2	0	1	0	0	6
fsh-generated/resources/Observation-StateOfMindExample.json	4195	6	0	0	0	0	0	0	1	13	0	0	0	0	0	0	0	0	0	0	0	907	1354	0	0	0	1	0	0	2
fsh-generated/resources/Observation-pghd-activity-activeEnergyBurned-underwater-diving.json	2009	10	0	0	2	0	0	0	1	10	0	0	0	0	0	0	0	1	0	0	0	683	349	0	0	0	1	0	0	1
fsh-generated/resources/Observation-pghd-activity-activeEnergyBurned-walking.json	1997	5	0	0	2	0	0	0	0	4	2	0	0	0	0	0	0	0	0	0	0	193	474	0	0	0	1	0	0	2
fsh-generated/resources/Observation-pghd-activity-activeEnergyBurned.json	1794	5	0	0	2	0	0	0	0	4	0	0	0	0	0	0	0	0	0	0	0	175	617	0	0	0	1	0	0	0
fsh-generated/resources/Observation-pghd-activity-appleExerciseTime.json	1787	7	0	0	1	0	0	0	2	4	0	0	0	0	0	0	0	0	0	0	0	271	644	0	0	0	0	1	0	6
fsh-generated/resources/Observation-pghd-activity-appleMoveTime.json	1780	140	0	0	0	0	0	0	2	9	0	0	0	0	0	0	0	0	0	0	0	282	481	0	0	0	1	0	0	5
fsh-generated/resources/Observation-pghd-activity-appleStandHour.json	1699	13	0	0	0	0	0	0	1	6	0	0	0	0	0	0	0	0	0	0	0	93	383	0	0	1	2	0	1	2
fsh-generated/resources/Observation-pghd-activity-basalEnergyBurned.json	1790	11	0	0	0	0	0	0	0	12	0	0	0	0	0	0	0	0	0	0	0	128	285	1	0	0	1	0	0	1
fsh-generated/resources/Observation-pghd-activity-cyclingCadence.json	1785	13	0	0	1	0	0	0	2	5	0	0	0	0	0	0	0	0	0	0	0	119	332	0	0	0	3	1	0	2
fsh-generated/resources/Observation-pghd-activity-distanceWalkingRunning-walking.json	2003	24	0	0	0	0	0	0	1	7	0	0	0	0	0	0	0	4	0	0	0	261	284	12	0	0	1	0	0	0
fsh-generated/resources/Observation-pghd-alchol-consumption-blood-alcohol-content.json	1824	20	0	0	0	0	0	0	0	7	0	1	0	0	0	0	0	0	0	0	0	152	311	0	0	2	4	0	0	3
fsh-generated/resources/Observation-pghd-alchol-use-number-of-alcoholic-beverages.json	1742	10	0	0	0	0	0	0	1	9	0	0	0	0	0	0	0	0	0	1	0	500	275	0	1	0	3	0	0	2
fsh-generated/resources/Observation-pghd-audiogram.json	1249	7	0	0	0	0	0	0	0	9	0	0	0	0	0	0	0	0	0	0	0	549	1402	0	0	0	5	2	0	2
fsh-generated/resources/Observation-pghd-blood-glucose-1.json	1905	13	0	0	1	0	0	0	0	15	1	0	0	0	0	0	0	3	0	0	0	171	950	0	0	0	1	0	0	0
fsh-generated/resources/Observation-pghd-blood-glucose-2.json	3472	15	0	0	0	0	0	0	1	27	0	0	0	0	0	0	0	1	0	0	0	534	990	0	0	0	1	0	0	5
fsh-generated/resources/Observation-pghd-blood-glucose-3.json	2055	16	0	0	1	0	0	0	0	15	0	0	0	0	0	0	0	0	0	0	0	353	788	0	0	0	2	0	0	0
fsh-generated/resources/Observation-pghd-bloodpressure.json	2975	39	0	0	0	0	0	0	1	99	1	0	0	0	0	1	0	0	0	0	0	200	1631	0	0	0	3	0	0	2
fsh-generated/resources/Observation-pghd-bmi.json	2019	27	0	0	0	0	0	0	0	54	0	0	0	1	0	0	0	1	0	0	0	108	1002	0	0	0	4	0	0	2
fsh-generated/resources/Observation-pghd-bodyheight.json	1983	7	0	0	0	0	0	0	5	112	0	0	0	0	0	0	0	0	0	0	0	121	3943	0	0	0	0	0	0	0
fsh-generated/resources/Observation-pghd-bodymeasurement-body-fat-percentage.json	1893	9	0	0	0	0	0	0	1	64	0	0	0	0	0	0	0	3	0	0	0	90	915	1	0	0	1	0	0	2
fsh-generated/resources/Observation-pghd-bodytemperature.json	2010	7	0	0	0	0	0	0	1	30	0	0	0	0	0	0	0	9	0	0	0	147	419	0	0	0	0	0	0	2
fsh-generated/resources/Observation-pghd-bodyweight.json	1987	9	0	0	1	0	0	0	0	29	0	0	0	1	0	0	0	0	0	0	0	102	1633	0	0	0	2	0	0	0
fsh-generated/resources/Observation-pghd-cardiac-function-lowHeart-rate-event.json	1790	6	0	0	0	0	0	0	0	32	0	0	0	1	0	0	0	1	0	0	0	379	658	0	0	0	3	0	0	0
fsh-generated/resources/Observation-pghd-diving-underwater-depthg.json	1971	11	0	0	1	0	0	0	1	29	0	0	0	0	0	0	0	3	0	0	0	213	822	0	0	0	1	0	0	0
fsh-generated/resources/Observation-pghd-diving-water-temperature.json	1977	7	0	0	0	0	0	0	1	21	0	0	0	0	0	0	0	6	0	0	0	161	869	0	0	0	0	1	0	0
fsh-generated/resources/Observation-pghd-food.json	2162	11	0	0	0	0	0	0	0	31	0	0	0	0	0	0	0	5	0	0	0	233	518	0	0	0	1	0	0	1
fsh-generated/resources/Observation-pghd-hearing-environmental-audio-exposure.json	1815	10	0	0	1	0	0	0	1	20	0	0	0	0	0	0	0	3	0	0	0	236	650	0	0	0	0	0	0	0
fsh-generated/resources/Observation-pghd-hearingSensitivity-1.json	2084	12	0	0	0	0	0	0	1	21	0	0	0	0	0	0	0	0	0	0	0	300	892	0	0	0	1	0	0	1
fsh-generated/resources/Observation-pghd-hearingSensitivity-2.json	2085	14	0	0	0	0	0	0	0	11	0	0	0	0	0	1	0	0	0	0	0	148	1274	0	0	0	0	0	0	1
fsh-generated/resources/Observation-pghd-hearingSensitivity-3.json	2085	8	0	0	0	0	0	0	1	21	0	0	0	0	0	0	0	0	0	0	0	116	378	0	0	0	1	1	1	0
fsh-generated/resources/Observation-pghd-hearingSensitivity-4.json	2085	8	0	0	0	0	0	0	1	65	0	0	0	0	0	0	0	0	0	0	0	393	405	0	0	0	2	0	0	1
fsh-generated/resources/Observation-pghd-heart-electrocardiogram.json	2615	4	0	0	0	0	0	0	1	34	0	0	0	0	0	0	0	3	0	0	0	343	493	0	0	0	0	0	0	0
fsh-generated/resources/Observation-pghd-heartbeat.json	2269	15	0	0	1	0	0	0	0	32	0	0	0	0	0	0	0	1	0	0	0	83	452	0	0	0	1	0	0	1
fsh-generated/resources/Observation-pghd-heartrate.json	1986	12	0	0	0	0	0	0	1	32	0	0	0	0	0	0	0	1	0	0	0	82	414	0	0	0	0	0	0	0
fsh-generated/resources/Observation-pghd-medication-adherence.json	1813	15	0	0	1	0	0	0	0	30	0	0	0	0	0	0	0	0	0	0	0	64	268	0	0	0	2	0	0	1
fsh-generated/resources/Observation-pghd-mindfulness-mindful-session.json	1819	7	0	0	0	0	0	0	8	73	0	0	0	0	0	0	0	0	0	0	0	115	381	0	0	0	1	0	0	1
fsh-generated/resources/Observation-pghd-mobility-stair-descent-speed.json	1790	15	0	0	0	0	0	0	0	60	0	0	0	0	0	0	0	0	0	0	0	351	265	0	0	0	1	0	0	0
fsh-generated/resources/Observation-pghd-nutrition-dietary-carbohydrates.json	1959	20	0	0	0	0	0	0	1	66	0	0	0	0	0	0	0	0	0	0	0	121	288	0	0	0	1	0	0	2
fsh-generated/resources/Observation-pghd-nutrition-dietary-energy-consumed.json	1860	16	0	0	2	0	0	0	1	57	0	0	0	0	0	0	0	0	0	0	0	239	658	0	0	0	1	0	0	2
fsh-generated/resources/Observation-pghd-nutrition-dietary-fiber.json	1945	11	0	0	1	0	0	0	3	9	0	0	0	0	0	0	0	0	0	0	0	391	941	0	0	0	3	0	1	2
fsh-generated/resources/Observation-pghd-nutrition-dietary-protein.json	1949	21	0	0	1	0	0	0	1	19	0	0	0	0	0	0	0	0	0	0	0	289	2325	0	0	0	0	0	0	2
fsh-generated/resources/Observation-pghd-oxygenSaturation.json	2026	13	0	1	1	0	0	0	0	18	0	0	0	0	0	0	0	0	0	0	0	141	1987	0	0	0	0	0	0	0
fsh-generated/resources/Observation-pghd-pregnancy-status.json	1936	9	0	0	0	0	0	0	1	15	0	0	0	0	0	0	0	0	0	0	0	125	524	0	0	0	0	0	0	1
fsh-generated/resources/Observation-pghd-reproductive-health-intermenstrual-bleeding.json	1811	6	0	0	1	0	0	0	0	25	0	0	0	1	0	0	0	0	0	0	0	162	450	0	0	0	1	1	0	1
fsh-generated/resources/Observation-pghd-respiratoryrate.json	2010	7	0	0	0	0	0	0	0	1168	0	0	0	0	0	0	0	0	0	0	0	87	311	0	0	0	1	0	0	0
fsh-generated/resources/Observation-pghd-selfcare-handwashingEvent.json	1828	10	0	0	0	0	0	0	1	39	0	0	0	0	0	0	0	0	0	0	0	150	461	0	0	0	0	0	0	0
fsh-generated/resources/Observation-pghd-sleep-asleep-core.json	1994	5	0	0	1	0	0	0	0	50	0	0	0	0	0	0	0	4	0	0	0	138	312	0	0	0	2	0	0	2
fsh-generated/resources/Observation-pghd-sleep-episode-1.json	4738	11	0	0	0	0	0	0	2	115	0	0	0	0	0	0	0	0	0	0	0	125	1336	0	0	0	0	0	0	2
fsh-generated/resources/Observation-pghd-sleep-episode-2.json	3654	8	0	0	0	0	0	0	2	62	0	0	0	0	0	0	0	0	0	0	0	125	692	0	0	0	3	0	0	0
fsh-generated/resources/Observation-pghd-sleep-episode-core-sleep-1.json	2924	8	0	0	0	0	0	0	1	30	0	0	0	0	0	0	0	0	0	0	0	107	600	0	0	0	0	0	0	1
fsh-generated/resources/Observation-pghd-sleep-episode-core-sleep-2.json	2329	6	0	0	1	0	0	0	1	19	0	0	0	0	0	0	0	0	0	0	0	153	858	0	0	0	1	0	0	0
fsh-generated/resources/Observation-pghd-sleep-episode-deep-sleep-1.json	2924	10	0	0	0	0	0	0	3	26	1	0	0	0	0	0	0	0	0	0	0	95	466	0	0	0	1	0	0	1
fsh-generated/resources/Observation-pghd-sleep-episode-deep-sleep-2.json	2329	5	0	0	0	0	0	0	2	30	0	0	0	0	0	0	0	1	0	0	0	85	277	0	0	0	0	0	0	0
fsh-generated/resources/Observation-pghd-sleep-episode-latency-to-sleep-onset-1.json	2221	11	0	0	1	0	0	0	0	24	0	0	0	0	0	0	0	0	0	0	0	124	708	0	0	0	0	0	0	1
fsh-generated/resources/Observation-pghd-sleep-episode-latency-to-sleep-onset-2.json	2219	8	0	0	1	0	0	0	1	27	0	0	0	0	0	0	0	2	0	0	0	215	1687	0	0	0	0	0	0	0
fsh-generated/resources/Observation-pghd-snore-event-1.json	1599	6	0	0	0	0	0	0	0	25	0	0	0	0	0	0	0	0	0	0	0	353	3644	0	0	0	1	0	0	0
fsh-generated/resources/Observation-pghd-snore-event-2.json	1598	6	0	0	0	0	0	0	0	100	0	0	0	0	0	0	0	0	0	0	0	476	3088	0	0	0	0	0	0	0
fsh-generated/resources/Observation-pghd-snore-event-3.json	1599	6	0	0	0	0	0	0	1	41	0	0	0	0	0	0	0	0	0	0	0	257	666	0	0	0	0	0	0	0
fsh-generated/resources/Observation-pghd-snore-index-1.json	1694	9	0	0	0	0	0	0	1	111	0	0	0	0	0	0	0	0	0	0	0	72	748	0	0	0	0	0	0	0
fsh-generated/resources/Observation-pghd-snore-index-2.json	1914	7	0	0	1	0	0	0	0	47	0	0	0	0	0	0	0	8	0	0	0	83	1332	0	0	0	1	1	0	0
fsh-generated/resources/Observation-pghd-symptom-fever.json	1984	12	0	0	0	0	0	0	2	52	0	0	0	0	0	0	0	4	0	0	0	90	722	0	0	0	1	0	0	1
fsh-generated/resources/Observation-pghd-testresult-forced-vital-capacity.json	1940	6	0	0	0	0	0	0	1	13	0	0	0	2	0	0	0	0	0	0	0	91	279	0	0	0	1	0	0	0
fsh-generated/resources/Observation-pghd-uvexposure.json	1851	8	0	0	0	0	0	0	1	17	0	0	0	1	0	0	0	0	0	0	0	103	565	0	0	0	1	0	0	0
fsh-generated/resources/Observation-pghd-vitalsigns-apple-sleeping-wrist-temperature.json	1928	14	0	0	1	0	0	0	8	21	0	0	0	0	0	0	0	1	0	0	0	70	271	0	0	0	1	0	0	1
fsh-generated/resources/Observation-pghd-voltage-measurement.json	286516	20	0	0	0	0	0	0	0	139	0	0	0	1	0	0	0	7	0	0	0	2736	3705	0	0	0	0	0	0	2
fsh-generated/resources/Observation-pghd-workout-underwater-diving.json	2085	13	0	0	1	0	1	0	4	70	0	0	0	1	0	0	0	0	0	0	0	246	3709	0	0	0	1	0	0	0
fsh-generated/resources/Observation-pghd-workout-walking.json	1995	16	0	0	0	0	0	0	1	22	0	0	0	0	0	0	0	1	0	0	0	106	1557	0	0	0	1	0	0	1
fsh-generated/resources/Patient-1.json	320	10	0	0	0	0	0	0	0	2	0	0	0	0	0	0	0	0	0	0	0	87	635	1	0	0	1	0	0	0
fsh-generated/resources/Patient-jane-doe.json	879	15	0	0	1	0	0	0	0	5	0	0	0	6	0	0	0	0	0	0	0	133	265	0	0	0	1	0	0	0
fsh-generated/resources/Provenance-jane-doe-media-provenance.json	1038	14	0	0	0	0	0	0	1	12	0	0	0	0	0	0	0	0	0	0	0	121	1809	0	0	0	1	0	1	0
fsh-generated/resources/Questionnaire-gad7.json	9569	32	0	0	0	0	0	0	3	1666	1	0	5	0	0	0	0	1	0	0	0	205	3800	0	0	0	2	23	0	17
fsh-generated/resources/Questionnaire-phq9.json	11105	14	0	0	1	0	0	0	8	588	0	0	0	0	0	0	0	1	0	0	0	273	6375	0	0	0	1	12	0	13
fsh-generated/resources/QuestionnaireResponse-gad7.json	2085	15	0	0	0	0	1	0	1	459	0	0	0	0	0	0	0	0	0	0	0	325	3065	27	0	0	1	0	2	3
fsh-generated/resources/QuestionnaireResponse-phq9.json	2555	12	0	0	0	0	0	0	2	10	0	0	0	0	0	0	0	1	0	0	0	189	588	3	0	0	1	0	0	0
fsh-generated/resources/SearchParameter-patient-identifier.json	622	17	0	0	0	0	0	0	0	320	0	0	0	0	0	0	0	1	0	0	0	157	437	0	0	11	0	7	3	2
fsh-generated/resources/SearchParameter-search-from-date.json	471	10	0	0	0	0	0	0	0	88	0	0	0	0	0	0	0	0	0	0	0	110	118	0	0	0	0	2	0	0
fsh-generated/resources/StructureDefinition-Environmental.json	8404	28	0	464	1	0	0	0	2	442	0	0	11	0	0	1	0	30	0	0	0	1194	102555	0	1	2	1	32	21	46
fsh-generated/resources/StructureDefinition-FinancialReceipt.json	6257	43	0	106	0	0	0	0	0	315	0	0	9	0	0	0	0	34	0	0	0	653	57640	0	0	0	0	16	5	20
fsh-generated/resources/StructureDefinition-PhrBundle.json	3357	25	0	728	0	0	0	0	28	2248	0	0	60	0	0	0	0	141	0	0	0	2750	156372	0	0	0	0	107	51	146
fsh-generated/resources/StructureDefinition-PhrComposition.json	1101	8	0	491	1	0	0	0	2	3073	0	0	22	0	0	0	0	47	0	0	0	1014	22481	0	0	0	0	59	37	88
fsh-generated/resources/StructureDefinition-PhrDocumentReference.json	771	7	0	78	0	1	0	0	4	202	0	0	34	0	0	0	0	72	0	0	0	648	14120	3	0	0	0	21	28	65
fsh-generated/resources/StructureDefinition-PhrMedia.json	675	4	0	148	0	0	0	0	2	148	0	0	18	0	0	0	0	20	0	0	0	818	6142	0	0	1	0	5	11	38
fsh-generated/resources/StructureDefinition-PhrPatient.json	691	6	0	191	0	0	0	0	0	150	0	0	5	0	1	0	0	35	0	0	0	770	16112	0	0	0	0	14	73	46
fsh-generated/resources/StructureDefinition-PhrProvenance.json	715	7	0	125	0	0	0	0	5	164	0	0	4	0	0	1	0	29	0	0	0	862	19889	0	0	0	4	11	68	21
fsh-generated/resources/StructureDefinition-SocialMedia.json	5627	4	0	57	0	0	0	0	1	78	0	0	7	0	0	0	0	11	0	0	0	969	17582	0	0	0	0	8	9	19
fsh-generated/resources/StructureDefinition-pcd-sleep-observation.json	1529	4	0	458	1	0	0	0	1	664	0	0	19	0	0	0	0	68	0	0	0	1857	17959	1	0	1	0	14	95	89
fsh-generated/resources/StructureDefinition-pghd-activity.json	4656	14	0	272	0	0	0	0	0	284	0	0	1	0	0	0	0	48	0	0	0	2164	11450	0	0	3	0	53	35	70
fsh-generated/resources/StructureDefinition-pghd-alchol-consumption.json	4729	4	0	152	0	0	0	0	1	243	0	0	12	0	0	0	0	50	0	0	0	2959	14915	6	2	0	1	55	5	41
fsh-generated/resources/StructureDefinition-pghd-alchol-use.json	1589	8	0	145	3	0	0	0	0	352	0	0	32	0	0	0	0	58	0	0	0	1689	12582	0	0	0	0	20	6	52
fsh-generated/resources/StructureDefinition-pghd-audiogram.json	4828	22	0	356	0	0	0	0	0	754	0	0	15	0	0	0	0	85	0	0	0	1602	17087	0	0	1	0	29	12	134
fsh-generated/resources/StructureDefinition-pghd-blood-glucose.json	6989	9	0	946	1	0	0	0	0	440	0	0	21	0	0	0	0	37	0	0	0	2331	16139	0	0	1	0	103	26	71
fsh-generated/resources/StructureDefinition-pghd-bloodpressure.json	5057	9	0	677	0	0	0	0	5	1429	0	0	52	0	0	0	0	162	0	0	0	2771	29105	0	0	0	0	103	67	157
fsh-generated/resources/StructureDefinition-pghd-bmi.json	2484	10	0	597	0	0	0	0	1	603	0	0	20	0	0	0	0	26	0	0	0	1293	12597	0	0	0	0	44	41	54
fsh-generated/resources/StructureDefinition-pghd-bodyheight.json	2539	6	0	489	1	0	0	0	2	260	0	0	17	0	0	0	0	182	0	0	0	1800	16510	0	0	1	0	35	16	91
fsh-generated/resources/StructureDefinition-pghd-bodymeasurement.json	4709	8	0	269	1	0	0	0	0	175	0	0	4	0	0	0	0	168	0	0	0	1419	13800	0	0	0	0	51	6	78
fsh-generated/resources/StructureDefinition-pghd-bodytemperature.json	3678	9	0	541	0	0	0	0	0	826	0	0	26	0	0	0	0	78	0	0	0	1895	16540	2	0	0	1	64	46	41
fsh-generated/resources/StructureDefinition-pghd-bodyweight.json	2541	10	0	374	0	0	0	0	0	460	0	0	20	0	0	0	0	105	0	0	0	1614	12972	0	0	0	0	37	16	125
fsh-generated/resources/StructureDefinition-pghd-cardiac-function.json	1083	7	0	352	1	0	0	0	0	263	0	0	12	0	0	0	0	52	0	0	0	1010	13189	0	0	3	0	46	20	186
fsh-generated/resources/StructureDefinition-pghd-careplan-selfcare.json	2275	8	0	193	0	0	0	0	0	217	0	0	17	0	0	1	0	41	0	0	0	758	14130	0	0	0	0	35	13	49
fsh-generated/resources/StructureDefinition-pghd-device.json	1131	4	0	83	1	0	0	0	0	145	0	0	12	0	0	0	0	10	0	0	0	1314	13512	0	0	1	0	44	12	31
fsh-generated/resources/StructureDefinition-pghd-diving.json	4643	5	0	681	1	0	0	0	0	159	0	0	20	0	0	0	0	31	0	0	0	2185	10432	0	0	0	1	109	10	67
fsh-generated/resources/StructureDefinition-pghd-electrocardiogram.json	8851	11	0	287	0	0	0	0	0	423	0	0	15	0	0	0	0	77	0	0	0	2796	19252	0	0	0	0	647	28	73
fsh-generated/resources/StructureDefinition-pghd-food.json	4817	7	0	251	0	0	0	0	0	197	0	0	14	0	0	0	0	98	0	0	0	1237	10836	0	0	0	0	350	10	113
fsh-generated/resources/StructureDefinition-pghd-hearing-sensitivity.json	12393	15	0	663	0	0	0	0	1	1144	0	0	22	0	0	0	0	63	0	0	0	3881	19340	0	0	0	0	543	41	135
fsh-generated/resources/StructureDefinition-pghd-hearing.json	4655	9	0	187	1	0	0	0	0	622	0	0	16	0	0	0	0	81	0	0	0	1819	7709	0	0	1	0	200	18	286
fsh-generated/resources/StructureDefinition-pghd-heartbeat.json	6013	5	0	434	0	0	0	0	0	996	0	0	14	0	0	0	0	196	0	0	0	1280	9937	0	0	0	0	182	26	290
fsh-generated/resources/StructureDefinition-pghd-heartrate.json	2529	3	0	292	0	0	0	0	0	954	0	0	15	0	0	0	0	67	0	0	0	2294	13407	0	0	0	0	235	17	166
fsh-generated/resources/StructureDefinition-pghd-medication-adherence.json	5530	59	0	1280	0	0	0	0	13	669	0	0	21	0	0	0	0	95	0	0	0	2709	12669	0	0	0	0	277	19	165
fsh-generated/resources/StructureDefinition-pghd-medicationadministration-insulin.json	2652	18	0	433	0	0	0	0	0	1102	0	0	4	0	0	0	0	31	0	0	0	1137	9089	0	0	0	0	31	14	58
fsh-generated/resources/StructureDefinition-pghd-medicationdispense.json	3699	17	0	204	1	0	0	0	1	1555	0	0	15	0	0	0	0	73	0	0	0	1750	13078	0	0	1	1	42	21	149
fsh-generated/resources/StructureDefinition-pghd-mindfulness.json	4470	43	0	242	0	0	0	0	0	1215	0	0	3	0	0	0	0	79	0	0	0	2509	9834	0	0	0	0	64	13	158
fsh-generated/resources/StructureDefinition-pghd-mobility.json	4627	25	0	240	0	0	0	0	0	331	0	0	14	0	0	0	0	64	0	0	0	1482	8732	5	0	0	1	41	8	122
fsh-generated/resources/StructureDefinition-pghd-nutrition.json	4828	16	0	517	1	0	0	0	0	269	0	0	10	0	0	0	0	49	0	0	0	1119	13126	0	0	0	0	60	11	116
fsh-generated/resources/StructureDefinition-pghd-observation-scored-assessment.json	11453	38	0	1464	1	0	0	0	0	1695	0	0	65	0	0	0	0	57	0	0	0	1747	12640	0	0	1	0	205	43	174
fsh-generated/resources/StructureDefinition-pghd-observation-state-of-mind.json	16626	155	0	1080	0	0	0	0	2	1559	0	0	37	0	0	0	0	69	0	0	0	2035	25149	0	0	0	0	259	30	181
fsh-generated/resources/StructureDefinition-pghd-oxygenSaturation.json	2575	14	0	225	0	0	0	0	0	588	0	0	8	0	0	0	0	37	0	0	0	1067	19971	1	1	0	0	33	44	135
fsh-generated/resources/StructureDefinition-pghd-patient.json	658	10	0	226	0	0	0	0	0	45	0	0	1	0	0	0	0	70	0	0	0	895	8439	0	1	0	0	12	13	54
fsh-generated/resources/StructureDefinition-pghd-pregnancy-status.json	5032	16	0	290	1	0	0	0	0	221	0	0	6	0	0	0	0	43	0	0	0	1170	10589	0	0	0	0	114	31	127
fsh-generated/resources/StructureDefinition-pghd-questionnaire-response.json	3605	24	0	41	0	0	0	0	7	141	0	0	17	0	0	0	0	58	0	0	0	663	7218	0	0	1	0	61	27	76
fsh-generated/resources/StructureDefinition-pghd-questionnaire.json	3179	9	0	311	0	0	0	0	1	315	0	0	8	0	0	0	0	58	0	0	0	817	14731	0	0	0	0	138	13	177
fsh-generated/resources/StructureDefinition-pghd-reproductive-health.json	6009	16	0	401	0	0	0	0	0	814	0	0	4	0	0	0	0	38	0	0	0	1193	14410	0	0	0	0	138	6	49
fsh-generated/resources/StructureDefinition-pghd-respiratoryrate.json	2569	17	0	612	0	0	0	0	0	289	0	0	42	0	0	0	0	151	0	0	0	1100	13292	0	0	1	0	82	38	149
fsh-generated/resources/StructureDefinition-pghd-selfcare.json	4457	16	0	287	1	0	0	0	0	115	0	0	20	0	0	0	0	47	0	0	0	1752	9926	0	0	0	0	82	12	134
fsh-generated/resources/StructureDefinition-pghd-sleep-episode.json	30569	41	0	1698	0	0	0	0	5	1546	0	0	54	0	0	0	0	168	0	0	0	4568	32759	0	0	0	0	200	51	220
fsh-generated/resources/StructureDefinition-pghd-sleep.json	5522	12	0	935	0	0	0	0	0	975	0	0	6	0	0	0	0	127	0	0	0	2586	8860	0	0	0	0	52	23	121
fsh-generated/resources/StructureDefinition-pghd-snore-event.json	8960	40	0	521	0	0	0	0	1	832	0	0	30	0	0	0	0	60	0	0	0	2376	11946	0	0	0	0	44	23	94
fsh-generated/resources/StructureDefinition-pghd-snore-index.json	5501	10	0	173	0	0	0	0	2	334	0	0	1	0	0	0	0	74	0	0	0	2127	9439	0	0	0	0	18	7	83
fsh-generated/resources/StructureDefinition-pghd-symptom.json	6854	14	0	372	0	0	0	0	0	438	0	0	7	0	0	0	0	19	0	0	0	1434	18792	0	0	0	0	26	35	106
fsh-generated/resources/StructureDefinition-pghd-testresult.json	4640	8	0	170	1	0	0	0	0	112	0	0	29	0	0	0	0	37	0	0	0	996	19989	0	0	0	3	26	6	23
fsh-generated/resources/StructureDefinition-pghd-uvexposure.json	4647	12	0	156	1	0	0	0	1	174	0	0	21	0	0	0	0	23	0	0	0	956	14152	9	0	0	1	82	20	27
fsh-generated/resources/StructureDefinition-pghd-vitalsigns.json	4605	13	0	1	1	0	0	0	0	219	0	0	5	0	0	0	0	58	0	1	0	1303	12057	0	0	0	2	31	6	49
fsh-generated/resources/StructureDefinition-pghd-voltage-measurement.json	4812	6	0	342	1	0	0	0	4	238	0	0	7	0	0	0	0	21	0	0	0	950	12149	0	0	0	1	58	8	34
fsh-generated/resources/StructureDefinition-pghd-workout.json	5742	7	0	508	1	0	0	0	3	320	0	0	6	0	0	0	0	29	0	0	0	1062	11652	0	0	1	0	125	16	66
fsh-generated/resources/ValueSet-appetite-changes.json	446	6	0	0	1	0	0	0	0	871	0	0	1	0	0	0	0	4	1	0	0	130	2772	0	0	0	0	9	0	3
fsh-generated/resources/ValueSet-body-temperature-measurement-location.json	579	5	0	0	1	0	0	0	0	24	0	0	0	0	0	0	0	0	0	0	0	49	1428	0	0	1	0	2	0	2
fsh-generated/resources/ValueSet-observation-activity-codes.json	3027	8	0	0	0	0	0	0	8	161	1	0	0	0	0	0	0	12	0	0	0	153	1213	0	0	0	0	13	0	4
fsh-generated/resources/ValueSet-observation-alchol-consumption-codes.json	695	5	0	0	0	0	0	0	1	32	0	0	0	0	0	0	0	1	0	0	0	87	513	0	0	0	0	1	0	3
fsh-generated/resources/ValueSet-observation-body-measurements-codes.json	1052	4	0	0	1	0	0	0	0	33	0	0	0	0	0	0	0	0	0	0	0	102	692	0	0	0	0	3	0	3
fsh-generated/resources/ValueSet-observation-diving-codes.json	620	8	0	0	0	0	0	0	0	17	0	0	0	0	0	0	0	0	0	0	0	314	1304	0	0	0	1	0	0	1
fsh-generated/resources/ValueSet-observation-ecg-classification-codes.json	506	6	0	0	0	0	0	0	0	17	0	0	0	0	0	0	0	1	0	0	0	91	1749	0	0	0	0	4	0	2
fsh-generated/resources/ValueSet-observation-ecg-lead-codes.json	438	6	0	0	1	0	0	0	0	18	0	0	0	0	0	0	0	0	0	0	0	77	1908	0	0	0	0	2	0	1
fsh-generated/resources/ValueSet-observation-ecg-symptoms-status-codes.json	561	7	0	0	0	0	0	0	5	13	0	0	0	0	0	0	0	0	0	0	0	67	2194	0	0	0	1	2	0	7
fsh-generated/resources/ValueSet-observation-ecgcodes.json	425	5	0	0	1	0	0	0	5	14	0	0	0	0	0	0	0	3	0	0	0	74	1979	0	0	0	0	0	0	4
fsh-generated/resources/ValueSet-observation-gad7-risk-codes.json	481	14	0	0	0	0	0	0	4	10	0	0	2	0	0	0	0	1	0	0	0	92	624	0	0	0	0	1	0	2
fsh-generated/resources/ValueSet-observation-hearing-codes.json	874	17	0	0	0	0	0	0	3	40	0	0	1	0	0	0	0	0	0	0	0	177	733	0	0	0	0	2	0	2
fsh-generated/resources/ValueSet-observation-lab-results-codes.json	1531	4	0	0	0	0	0	0	8	51	0	0	0	0	0	0	0	0	0	0	0	129	959	0	0	0	0	2	0	1
fsh-generated/resources/ValueSet-observation-mind-codes.json	647	9	0	0	0	0	0	0	3	53	0	0	3	0	0	0	0	3	0	0	0	101	926	0	0	0	0	1	0	2
fsh-generated/resources/ValueSet-observation-mindfulness-codes.json	580	6	0	0	0	0	0	0	0	25	0	0	0	0	0	0	0	0	0	0	0	90	1295	0	0	0	0	1	0	1
fsh-generated/resources/ValueSet-observation-mobility-codes.json	1136	11	0	1	1	0	0	0	5	127	0	0	0	0	0	0	0	0	0	0	0	83	840	0	0	0	0	2	0	0
fsh-generated/resources/ValueSet-observation-nutrition-codes.json	3326	17	0	0	0	0	0	0	14	156	0	0	0	0	0	1	0	8	0	0	0	112	1626	0	0	0	0	4	0	2
fsh-generated/resources/ValueSet-observation-phq9-risk-codes.json	480	7	0	0	0	0	0	0	0	9	0	0	0	0	0	0	0	0	0	0	0	68	1893	0	0	0	0	2	0	2
fsh-generated/resources/ValueSet-observation-reproductive-health-codes.json	1568	6	0	0	0	0	0	0	1	17	0	0	1	0	0	0	0	0	0	0	0	62	1368	0	0	0	0	3	0	2
fsh-generated/resources/ValueSet-observation-scored-assessment-codes.json	490	6	0	0	0	0	0	0	1	14	0	0	0	0	0	0	0	0	0	0	0	55	769	0	0	0	3	1	0	0
fsh-generated/resources/ValueSet-observation-scored-assessment-score-codes.json	786	6	0	0	0	0	0	0	1	30	0	0	0	0	0	0	0	2	0	0	0	41	2612	0	0	0	0	2	0	0
fsh-generated/resources/ValueSet-observation-selfcare-codes.json	642	21	0	0	0	0	0	0	0	21	0	0	0	0	0	0	0	4	0	0	0	84	1448	0	0	0	0	1	0	3
fsh-generated/resources/ValueSet-observation-sleep-codes.json	679	7	0	0	0	0	0	0	8	23	0	0	0	0	0	0	0	0	0	0	0	115	1019	0	0	0	0	1	0	1
fsh-generated/resources/ValueSet-observation-state-of-mind-association-codes.json	537	9	0	0	0	0	0	0	0	20	0	0	0	0	0	0	0	6	0	0	0	122	1047	0	0	0	0	1	0	2
fsh-generated/resources/ValueSet-observation-state-of-mind-codes.json	466	10	0	0	0	0	0	0	0	8	0	0	2	0	0	0	0	4	0	0	0	242	1314	0	0	0	0	1	0	2
fsh-generated/resources/ValueSet-observation-state-of-mind-kind-codes.json	495	9	0	0	0	0	0	0	0	15	0	0	0	0	0	0	0	1	0	0	0	86	916	0	0	0	0	1	0	0
fsh-generated/resources/ValueSet-observation-state-of-mind-label-codes.json	501	7	0	0	1	0	0	0	4	24	0	0	0	0	0	0	0	0	0	0	0	69	1049	0	0	0	0	0	1	1
fsh-generated/resources/ValueSet-observation-state-of-mind-valence-codes.json	513	2	0	0	0	0	0	0	5	12	0	0	1	0	0	0	0	1	0	0	0	208	1645	0	0	0	0	2	0	0
fsh-generated/resources/ValueSet-observation-symptom-codes.json	2821	8	0	0	1	0	0	0	8	41	0	0	2	0	0	0	0	2	0	0	0	209	1315	0	0	0	0	6	0	1
fsh-generated/resources/ValueSet-observation-symptom-snomedct-codes.json	2666	5	0	0	0	0	0	0	5	20	0	0	1	0	0	0	0	0	0	0	0	252	1881	0	0	0	0	4	0	4
fsh-generated/resources/ValueSet-observation-uvexposure-codes.json	581	5	0	0	0	0	0	1	0	6	0	0	0	0	0	0	0	0	0	0	0	177	2420	0	0	0	0	2	0	1
fsh-generated/resources/ValueSet-observation-vital-signs-codes.json	1613	10	0	0	0	0	0	0	0	18	0	0	1	0	0	0	0	4	0	0	0	96	3027	0	0	0	0	3	0	3
fsh-generated/resources/ValueSet-observation-workout-codes.json	9972	13	0	0	0	0	0	0	17	82	0	0	0	0	0	0	0	6	0	0	0	279	4002	0	0	0	0	15	0	6
fsh-generated/resources/ValueSet-pcd-sleep-observation-code.json	2706	5	0	0	0	0	0	0	0	35	0	0	0	0	0	0	0	0	0	0	0	81	1549	0	0	0	0	4	0	3
fsh-generated/resources/ValueSet-pcd-sleep-observation-value.json	2340	5	0	0	0	0	0	0	0	31	0	0	1	0	0	0	0	1	0	0	0	64	1772	0	0	0	0	2	0	2
fsh-generated/resources/ValueSet-sleep-analysis.json	417	7	0	0	0	0	0	0	0	17	0	0	0	0	0	0	0	0	0	0	0	92	1405	0	0	0	0	3	0	1
fsh-generated/resources/ValueSet-symptom-presence.json	434	6	0	0	2	0	0	0	1	75	0	0	3	0	0	0	0	0	0	0	0	82	992	0	0	0	0	1	0	0
fsh-generated/resources/ValueSet-symptom-severity.json	429	3	0	0	1	0	0	0	0	57	0	0	0	0	0	0	0	0	0	0	0	81	1497	0	0	0	0	1	0	0
/fsh-generated/includes/fsh-link-references.md	14038	-	-	-	0	0	0	0	0	0	0	0	0	0	0	0	0	0	0	0	0	1	83	0	0	0	1	1	1	0
/fsh-generated/includes/menu.xml	3450	-	-	-	0	0	0	0	0	0	0	0	0	0	0	0	0	0	0	0	0	0	17	0	0	0	0	0	6	0
/input/pagecontent/environments.md	6862	-	-	-	0	0	0	0	0	0	0	0	0	0	0	0	0	0	0	0	0	0	9	0	0	0	0	0	0	0
/input/pagecontent/datastorage.md	5579	-	-	-	0	0	0	0	0	0	0	0	0	0	0	0	0	0	0	0	0	0	10	0	0	0	0	0	0	0
/input/pagecontent/conformance.md	4534	-	-	-	0	0	0	0	0	0	0	0	0	0	0	0	0	0	0	0	0	0	22	0	0	0	0	0	1	0
/input/pagecontent/functionality.md	20004	-	-	-	0	0	0	0	0	0	0	0	0	0	0	0	0	0	0	0	0	0	13	0	0	0	0	0	1	0
/input/pagecontent/api.md	1122	-	-	-	0	0	0	0	0	0	0	0	0	0	0	0	0	0	0	0	0	0	9	0	0	0	0	0	0	0
/input/pagecontent/physiology.md	7503	-	-	-	0	0	0	0	0	0	0	0	0	0	0	0	0	0	0	0	0	0	14	0	0	0	0	0	0	0
/input/pagecontent/longitudinal.md	6825	-	-	-	0	0	0	0	0	0	0	0	0	0	0	0	0	0	0	0	0	0	20	1	0	0	0	0	0	0
/input/pagecontent/pghd.md	5921	-	-	-	0	0	0	0	0	0	0	0	1	0	0	0	0	0	0	0	0	0	14	0	0	0	0	0	3	0
/input/pagecontent/security.md	4573	-	-	-	0	0	0	0	0	0	0	0	0	0	0	0	0	0	0	0	0	0	7	0	0	0	0	0	0	0
/input/pagecontent/persona-journey-b.md	4679	-	-	-	0	0	0	0	0	0	0	0	0	0	0	0	0	0	0	0	0	0	9	0	0	0	0	0	0	0
/input/pagecontent/personas-index.md	12650	-	-	-	0	0	0	0	0	0	0	0	0	0	0	0	0	0	0	0	0	0	10	0	0	0	0	0	0	0
/input/pagecontent/history.md	2672	-	-	-	0	0	0	0	0	0	0	0	0	0	0	0	0	0	0	0	0	0	10	0	0	0	0	0	0	0
/input/pagecontent/recordkeeping.md	14704	-	-	-	0	0	0	0	0	0	0	0	0	0	0	0	0	0	0	0	0	0	14	0	0	0	0	0	0	0
/input/pagecontent/annotations.md	10018	-	-	-	0	0	0	0	0	0	0	0	0	0	0	1	0	0	0	0	0	0	16	2	0	0	0	0	0	0
/input/pagecontent/recordlifecycle.md	2611	-	-	-	0	0	0	0	0	0	0	0	0	0	0	0	0	0	0	0	0	0	5	0	0	0	0	0	0	0
/input/pagecontent/pghd-code-mapping.md	31320	-	-	-	0	0	0	0	0	5	0	0	0	0	0	0	0	0	0	0	0	0	26	2	0	0	0	0	1	0
/input/pagecontent/persona-journey-c.md	6730	-	-	-	0	0	0	0	0	0	0	0	0	0	0	0	0	0	0	0	0	0	16	0	0	0	0	0	0	0
/input/pagecontent/algorithms.md	9547	-	-	-	0	0	0	0	0	0	0	0	0	0	0	0	0	0	0	0	0	0	11	0	0	0	0	0	0	0
/input/pagecontent/persona-journey-d.md	8239	-	-	-	0	0	0	0	0	0	0	0	0	0	0	0	0	0	0	0	0	0	66	0	0	1	0	0	1	0
/input/pagecontent/index.md	12415	-	-	-	0	0	0	0	0	0	0	0	0	0	0	0	0	0	0	0	0	0	217	0	0	0	0	0	0	0
/input/pagecontent/persona-journey-a.md	5350	-	-	-	0	0	0	0	0	0	0	0	0	0	0	0	0	0	0	0	0	0	14	0	0	0	0	0	0	0
/input/pagecontent/persona-william.md	5663	-	-	-	0	0	0	0	0	0	0	0	0	0	0	0	0	0	0	0	0	0	18	0	0	0	0	0	1	0
/input/pagecontent/persona-journey-e.md	6182	-	-	-	0	0	0	0	0	0	0	0	0	0	0	0	0	0	0	0	0	0	19	0	0	0	0	0	0	0
/input/pagecontent/operating-systems.md	7117	-	-	-	0	0	0	0	0	0	0	0	0	0	0	0	0	0	0	0	0	0	18	0	0	1	0	0	0	0
/input/pagecontent/personas.md	7380	-	-	-	0	0	0	0	0	0	0	0	0	0	0	0	0	0	0	0	0	0	13	0	0	0	0	0	0	0
/input/pagecontent/persona-thompson-family.md	2703	-	-	-	0	0	0	0	0	0	0	0	0	0	0	0	0	0	0	0	0	0	10	0	0	0	0	0	0	0
/input/pagecontent/datamodel.md	8477	-	-	-	0	0	0	0	0	0	0	0	0	0	0	0	0	0	0	0	0	0	6	0	0	0	0	0	0	0
/input/pagecontent/downloads.md	127	-	-	-	0	0	0	0	0	0	0	0	0	0	0	0	0	0	0	0	0	0	12	0	0	0	0	0	0	0
/input/pagecontent/logical-models.md	3803	-	-	-	0	0	0	0	0	0	0	0	0	0	0	0	0	0	0	0	0	0	15	0	0	0	0	0	0	0
/template/config	0	-	-	-	0	0	0	0	0	0	0	0	0	0	0	0	0	0	0	0	0	0	1	0	0	0	0	0	0	0
/template/config/_config.yml	140	-	-	-	0	0	0	0	0	0	0	0	0	0	0	0	0	0	0	0	0	0	5	0	0	0	0	0	0	0
/input/assets	0	-	-	-	0	0	0	0	0	0	0	0	0	0	0	0	0	0	0	0	0	0	2	0	0	0	0	0	0	0
/input/assets/git-like-operations.pxd	500722	-	-	-	0	0	0	0	0	0	0	0	0	0	0	0	0	0	0	0	0	0	33	0	0	0	2	0	0	0
/input/assets/css	0	-	-	-	0	0	0	0	0	0	0	0	0	0	0	0	0	0	0	0	0	0	15	0	0	0	0	0	0	0
/input/assets/css/mitre.css	714	-	-	-	0	0	0	0	0	0	0	0	0	0	0	0	0	0	0	0	0	0	37	0	0	0	0	0	0	0
/input/images	0	-	-	-	0	0	0	0	0	0	0	0	0	0	0	0	0	0	0	0	0	0	4	0	0	0	2	0	0	0
/input/images/SphrFileType.jpg	65997	-	-	-	0	0	0	0	0	0	0	0	0	0	0	0	0	0	0	0	0	0	12	0	0	0	0	0	0	0
/input/images/WilliamSim	0	-	-	-	0	0	0	0	0	0	0	0	0	0	0	0	0	0	0	0	0	0	13	1	0	0	0	0	0	0
/input/images/WilliamSim/ct-chest.jpg	37247	-	-	-	0	0	0	0	0	0	0	0	0	0	0	0	0	0	0	0	0	0	26	0	0	0	0	0	1	0
/input/images/WilliamSim/xr-chest.jpg	35499	-	-	-	0	0	0	0	0	0	0	0	0	0	0	0	0	0	0	0	0	0	10	0	0	0	0	0	0	0
/input/images/WilliamSim/WilliamSim.phr	4544	-	-	-	0	0	0	0	0	0	0	0	0	0	0	0	0	0	0	0	0	0	29	0	0	0	0	0	0	0
/input/images/Tomoko463_Anja508_Kunze215_9dad61c1-ab0e-fef2-260f-dec36788558d.json	5281825	-	-	-	0	0	0	0	0	0	0	0	0	0	0	0	0	0	0	0	0	0	155	0	0	0	0	0	0	0
/input/images/IdEgoSuperEgo.jpg	117848	-	-	-	0	0	0	0	0	0	0	0	0	0	0	0	0	0	0	0	0	0	15	1	0	0	0	0	0	0
/input/images/Ariel183_Schmitt836_d949d7bb-3bd7-b925-e72f-a314b6feb197.json	1928524	-	-	-	0	0	0	0	0	0	0	0	0	0	0	0	0	0	0	0	0	0	50	0	0	0	0	0	0	0
/input/images/pghd	0	-	-	-	0	0	0	0	0	0	0	0	0	0	0	0	0	0	0	0	0	0	10	0	0	0	0	0	0	0
/input/images/pghd/data-type-health-connect.png	76995	-	-	-	0	0	0	0	0	0	0	0	0	0	0	0	0	0	0	0	0	0	20	2	0	0	1	0	0	0
/input/images/pghd/relationship-bw-standards-from-data-perspective.png	121590	-	-	-	0	0	0	0	0	0	0	0	0	0	0	0	0	0	0	0	0	0	15	0	0	0	0	0	0	0
/input/images/pghd/data-structure-of-healthkit.png	125744	-	-	-	0	0	0	0	0	0	0	0	0	0	0	0	0	0	0	0	0	0	13	0	0	0	0	0	0	0
/input/images/pghd/common-data-structure-in-phr-standards.png	264123	-	-	-	0	0	0	0	0	0	0	0	0	0	0	0	0	0	0	0	0	0	18	0	0	0	0	0	1	0
/input/images/pghd/data-structure-of-open-mhealth.png	152243	-	-	-	0	0	0	0	0	0	0	0	0	0	0	0	0	0	0	0	0	0	17	0	0	0	0	0	0	0
/input/images/pghd/data-structre-of-kanta-phr.png	193666	-	-	-	0	0	0	0	0	0	0	0	0	0	0	0	0	0	0	0	0	0	20	0	0	0	0	0	0	0
/input/images/pghd/basics-of-mapping-common-phr-data-structure-to-fhir.png	147889	-	-	-	0	0	0	0	0	0	0	0	0	0	0	0	0	0	0	0	0	0	14	0	0	0	0	0	0	0
/input/images/pghd/data-type-healthkit.png	119005	-	-	-	0	0	0	0	0	0	0	0	0	0	0	0	0	0	0	0	0	0	12	0	0	0	0	0	0	0
/input/images/pghd/data-structure-of-health-connect.png	127069	-	-	-	0	0	0	0	0	0	0	0	0	0	0	0	0	0	0	0	0	0	9	0	0	0	1	0	0	0
/input/images/Dee580Boehm581-4fcce493-43ba-aa15-23e8-653d7648ab08.phr	613464	-	-	-	0	0	0	0	0	0	0	0	0	0	0	0	0	0	0	0	0	0	31	0	0	0	0	0	0	0
/input/images/MCode	0	-	-	-	0	0	0	0	0	0	0	0	0	0	0	0	0	0	0	0	0	0	13	0	0	0	0	0	0	0
/input/images/MCode/AdamAnyperson-gx-cancer-patient-adam-anyperson.phr	473144	-	-	-	0	0	0	0	0	0	0	0	0	0	0	0	0	0	0	0	0	0	41	0	0	0	0	0	0	0
/input/images/MCode/AdamAnyperson-gx-cancer-patient-adam-anyperson.ndjson	473144	-	-	-	0	0	0	0	0	0	0	0	0	0	0	0	0	0	0	0	0	0	32	0	0	0	0	0	0	0
/input/images/MCode/AdamAnyperson-gx-cancer-patient-adam-anyperson.json	843874	-	-	-	0	0	0	0	0	0	0	0	0	0	0	0	0	0	0	0	0	0	30	0	0	0	0	0	0	0
/input/images/Mrs.Vanessa263Lang846-6fd8fee9-7fba-4446-5a2a-dfe9257e1631.phr	1869564	-	-	-	0	0	0	0	0	0	0	0	0	0	0	0	0	0	0	0	0	0	72	0	0	1	0	0	0	0
/input/images/Gonzalo160_Gibson10_2656be07-d463-10d2-bc57-a3fff6058858.json	16953346	-	-	-	0	0	0	0	0	0	0	0	0	0	0	0	0	0	0	0	0	0	633	0	0	0	0	0	0	0
/input/images/Mr.Gonzalo160Gibson10-2656be07-d463-10d2-bc57-a3fff6058858.phr	9745246	-	-	-	0	0	0	0	0	0	0	0	0	0	0	0	0	0	0	0	0	0	319	0	0	0	0	0	0	0
/input/images/Gerald181_Murazik203_d4beb77a-1183-7593-23e8-fb2a2694d55b.json	717781	-	-	-	0	0	0	0	0	0	0	0	0	0	0	0	0	0	0	0	0	0	51	0	0	0	0	0	0	0
/input/images/Wes853_DuBuque211_8dc4ac2f-691f-d83b-1bf0-ca4080ab0b4a.json	20352121	-	-	-	0	0	0	0	0	0	0	0	0	0	0	0	0	0	0	0	0	0	546	0	0	0	0	0	0	0
/input/images/eCarePlan	0	-	-	-	0	0	0	0	0	0	0	0	0	0	0	0	0	0	0	0	0	0	12	0	0	0	0	0	0	0
/input/images/eCarePlan/PatriciaNoelle-cc-pat-pnoelle.phr	71800	-	-	-	0	0	0	0	0	0	0	0	0	0	0	0	0	0	0	0	0	0	24	0	0	0	0	0	0	0
/input/images/eCarePlan/PatriciaNoelle-cc-pat-pnoelle.json	113322	-	-	-	0	0	0	0	0	0	0	0	0	0	0	0	0	0	0	0	0	1	9	0	0	0	0	0	0	0
/input/images/iStock-186815528.jpg	152108	-	-	-	0	0	0	0	0	0	0	0	0	0	0	0	0	0	0	0	0	0	11	0	0	0	0	0	0	0
/input/images/Mr.Randolph418Eichmann909-38ce6e87-ca56-e80c-f18b-d6056df7f0a9.phr	10853070	-	-	-	0	0	0	0	0	0	0	0	0	0	0	0	0	0	0	0	0	0	302	0	0	0	0	0	0	0
/input/images/Tutorial-Dermatogram.jpg	72590	-	-	-	0	0	0	0	0	0	0	0	0	0	0	0	0	0	0	0	0	0	18	0	0	0	0	0	0	0
/input/images/Eryn994Nader710-24f4d2f1-b4ef-0654-25a3-bdce21e7ceef.phr	619071	-	-	-	0	0	0	0	0	0	0	0	0	0	0	0	0	0	0	0	0	0	65	0	0	0	1	0	0	0
/input/images/Randolph418_Eichmann909_38ce6e87-ca56-e80c-f18b-d6056df7f0a9.json	34516773	-	-	-	0	0	0	0	0	0	0	0	0	0	0	0	0	0	0	0	0	0	1021	0	0	0	0	0	0	0
/input/images/Ms.Georgie506Daugherty69-088144ea-ce4b-fbb7-0167-2bb035387d7b.phr	6852258	-	-	-	0	0	0	0	0	0	0	0	0	0	0	0	0	0	0	0	0	0	183	0	0	0	0	0	0	0
/input/images/iStock-1290312834.jpg	1803102	-	-	-	0	0	0	0	0	0	0	0	0	0	0	0	0	0	0	0	0	0	76	0	0	0	2	0	0	0
/input/images/Charlotte28_Mireille557_Parisian75_fecad5a2-6d95-36ed-7e4c-d47e9199e8cc.json	2482063	-	-	-	0	0	0	0	0	0	0	0	0	0	0	0	0	0	0	0	0	0	121	0	0	0	0	0	0	0
/input/images/Natalia964_Fisher429_91ed826b-b2d7-99fe-0be3-0439d18ecb2a.json	1602278	-	-	-	0	0	0	0	0	0	0	0	0	0	0	0	0	0	0	0	0	0	49	0	0	0	0	0	0	0
/input/images/VennDiagram.png	360631	-	-	-	0	0	0	0	0	0	0	0	0	0	0	0	0	0	0	0	0	0	190	0	0	0	0	0	0	0
/input/images/Mr.Adrian111Smith67-d5b0f2de-08c8-8259-68b0-af1fb66be392.phr	629590	-	-	-	0	0	0	0	0	0	0	0	0	0	0	0	0	0	0	0	0	0	25	0	0	0	0	0	0	0
/input/images/TimmySmart-FosterCareTimeline.phr	176457	-	-	-	0	0	0	0	0	0	0	0	0	0	0	0	0	0	0	0	0	0	13	0	0	0	0	0	0	0
/input/images/Vanessa263_Page791_Lang846_6fd8fee9-7fba-4446-5a2a-dfe9257e1631.json	3011245	-	-	-	0	0	0	0	0	0	0	0	0	0	0	0	0	0	0	0	0	0	74	0	0	0	0	0	0	0
/input/images/Exemplars	0	-	-	-	0	0	0	0	0	0	0	0	0	0	0	0	0	0	0	0	0	0	16	0	0	0	0	0	0	0
/input/images/Exemplars/BetsySmithJohnson.json	822	-	-	-	0	0	0	0	0	0	0	0	0	0	0	0	0	0	0	0	0	0	16	0	0	0	0	0	0	0
/input/images/Exemplars/BetsySmithJohnson.phr	118888	-	-	-	0	0	0	0	0	0	0	0	0	0	0	0	0	0	0	0	0	0	15	0	0	0	0	0	0	0
/input/images/Gerald181Murazik203-d4beb77a-1183-7593-23e8-fb2a2694d55b.phr	467255	-	-	-	0	0	0	0	0	0	0	0	0	0	0	0	0	0	0	0	0	0	16	0	0	0	0	0	0	0
/input/images/WilliamSim.phr.zip	1835	-	-	-	0	0	0	0	0	0	0	0	0	0	0	0	0	0	0	0	0	0	4	0	0	0	0	0	0	0
/input/images/PACIO	0	-	-	-	0	0	0	0	0	0	0	0	0	0	0	0	0	0	0	0	0	0	12	0	0	0	0	0	0	0
/input/images/PACIO/BetsySmithJohnson.json	822	-	-	-	0	0	0	0	0	0	0	0	0	0	0	0	0	0	0	0	0	0	17	0	0	0	0	0	0	0
/input/images/PACIO/BetsySmithJohnson.phr	118888	-	-	-	0	0	0	0	0	0	0	0	0	0	0	0	0	0	0	0	0	0	16	0	0	0	0	0	1	0
/input/images/StarTrek-Sphr.jpg	123565	-	-	-	0	0	0	0	0	0	0	0	0	0	0	0	0	0	0	0	0	0	10	0	0	0	0	0	0	0
/input/images/Ms.Loriann967Torp761-81810e78-8279-b01b-f0c8-62f7ebf85613.phr	1538299	-	-	-	0	0	0	0	0	0	0	0	0	0	0	0	0	0	0	0	0	0	57	0	0	0	0	0	0	0
/input/images/Adelina682_Walker122_b031fa19-1e03-42e0-19de-f60c9dc2a579.json	3732176	-	-	-	0	0	0	0	0	0	0	0	0	0	0	0	0	0	0	0	0	0	179	0	0	0	1	0	0	0
/input/images/Nia310Kihn564-90fd51e4-3442-e231-1aa7-9e0c336319a0.phr	832164	-	-	-	0	0	0	0	0	0	0	0	0	0	0	0	0	0	0	0	0	0	57	0	0	0	0	0	0	0
/input/images/Shaunta614_Gala823_Sanford861_95b19a58-09ae-d6dc-1cb5-532a78b0d3c7.json	1890748	-	-	-	0	0	0	0	0	0	0	0	0	0	0	0	0	0	0	0	0	0	76	0	0	0	0	0	0	0
/input/images/GitFlowForPhrs.png	686798	-	-	-	0	0	0	0	0	0	0	0	0	0	0	0	0	0	0	0	0	0	33	0	0	0	0	0	0	0
/input/images/Mrs.Kitty323Lemke654-97aa6ae5-d71e-f9df-c6dc-be3ae713690a.phr	1858918	-	-	-	0	0	0	0	0	0	0	0	0	0	0	0	0	0	0	0	0	0	62	0	0	0	0	0	0	0
/input/images/Adaline-IPA.json	2699	-	-	-	0	0	0	0	0	0	0	0	0	0	0	0	0	0	0	0	0	0	9	0	0	0	0	0	0	0
/input/images/Mr.Christoper325Jakubowski832-d83b3432-e309-a5e1-8b6d-eb7da0c050d6.phr	2771098	-	-	-	0	0	0	0	0	0	0	0	0	0	0	0	0	0	0	0	0	0	86	0	0	0	0	0	0	0
/input/images/ImplementingPrimaryCare.jpg	119133	-	-	-	0	0	0	0	0	0	0	0	0	0	0	0	0	0	0	0	0	0	10	0	0	0	0	0	1	0
/input/images/Mr.Stanley702Ritchie586-f92c770e-04aa-ff7c-fcf1-2a02166d032a.phr	1321395	-	-	-	0	0	0	0	0	0	0	0	0	0	0	0	0	0	0	0	0	0	57	0	0	0	0	0	0	0
/input/images/Mr.Ricky354Boyle917-9532101f-6dc4-e18b-53ae-79a3230fdf70.phr	1832448	-	-	-	0	0	0	0	0	0	0	0	0	0	0	0	0	0	0	0	0	0	299	0	0	0	0	0	0	0
/input/images/Maegan141Cole117-521a2b92-7926-4348-0c8d-3bd3af6da538.phr	475526	-	-	-	0	0	0	0	0	0	0	0	0	0	0	0	0	0	0	0	0	0	71	0	0	0	0	0	0	0
/input/images/WilliamSim.ndjson	4192	-	-	-	0	0	0	0	0	0	0	0	0	0	0	0	0	0	0	0	0	0	39	0	0	0	2	0	0	0
/input/images/Ms.Adelina682Walker122-b031fa19-1e03-42e0-19de-f60c9dc2a579.phr	2496785	-	-	-	0	0	0	0	0	0	0	0	0	0	0	0	0	0	0	0	0	0	113	0	0	0	0	0	0	0
/input/images/Mrs.Shantae970Runte676-044934bc-569a-051a-7814-2dac8ad467db.phr	2349706	-	-	-	0	0	0	0	0	0	0	0	0	0	0	0	0	0	0	0	0	0	106	0	0	0	0	0	0	0
/input/images/Mrs.Sina65Ullrich385-963c7c3a-80ba-5c14-30e9-d3dcf83d6cd4.phr	2110125	-	-	-	0	0	0	0	0	0	0	0	0	0	0	0	0	0	0	0	0	0	176	0	0	0	0	0	0	0
/input/images/Graig740_Tremblay80_54e40745-9772-e4a4-b501-47ae63c99704.json	3768609	-	-	-	0	0	0	0	0	0	0	0	0	0	0	0	0	0	0	0	0	0	134	0	0	0	0	0	0	0
/input/images/Georgie506_Daugherty69_088144ea-ce4b-fbb7-0167-2bb035387d7b.json	11107530	-	-	-	0	0	0	0	0	0	0	0	1	0	0	0	0	0	0	0	0	0	420	0	0	0	0	0	0	0
/input/images/JohnDoe.phr	21959	-	-	-	0	0	0	0	0	0	0	0	0	0	0	0	0	0	0	0	0	0	14	0	0	0	0	0	0	0
/input/images/Ms.Rosario163Delao225-a79c76c3-bd2f-3200-2912-20bfe99f7d4d.phr	2250544	-	-	-	0	0	0	0	0	0	0	0	0	0	0	0	0	0	0	0	0	0	70	0	0	0	4	0	0	0
/input/images/Kitty323_Farrah946_Lemke654_97aa6ae5-d71e-f9df-c6dc-be3ae713690a.json	3048746	-	-	-	0	0	0	0	0	0	0	0	0	0	0	0	0	0	0	0	0	0	97	0	0	0	0	0	0	0
/input/images/MedicalRecordOwnershipLaws.jpg	114215	-	-	-	0	0	0	0	0	0	0	0	0	0	0	0	0	0	0	0	0	0	11	0	0	0	0	0	0	0
/input/images/Nia310_Kihn564_90fd51e4-3442-e231-1aa7-9e0c336319a0.json	1251879	-	-	-	0	0	0	0	0	0	0	0	0	0	0	0	0	0	0	0	0	0	49	0	0	0	0	0	0	0
/input/images/Christoper325_Jakubowski832_d83b3432-e309-a5e1-8b6d-eb7da0c050d6.json	4517619	-	-	-	0	0	0	0	0	0	0	0	0	0	0	0	0	0	0	0	0	0	188	0	0	0	0	0	0	0
/input/images/Mrs.Charlotte28Parisian75-fecad5a2-6d95-36ed-7e4c-d47e9199e8cc.phr	1595724	-	-	-	0	0	0	0	0	0	0	0	0	0	0	0	0	0	0	0	0	0	93	0	0	0	0	0	0	0
/input/images/WilliamSim.zip	69818	-	-	-	0	0	0	0	0	0	0	0	0	0	0	0	0	0	0	0	0	0	16	0	0	0	0	0	0	0
/input/images/Mr.Jarvis643O'Hara248-91f9ab65-1933-2a48-94b1-b6fef00f7335.phr	1151020	-	-	-	0	0	0	0	0	0	0	0	0	0	0	0	0	0	0	0	0	0	51	0	0	0	0	0	0	0
/input/images/Ms.Ariel183Schmitt836-d949d7bb-3bd7-b925-e72f-a314b6feb197.phr	1248764	-	-	-	0	0	0	0	0	0	0	0	0	0	0	0	0	0	0	0	0	0	83	0	0	0	0	0	0	0
/input/images/Spencer878Stehr398-ae26bfd6-d45b-c819-0de6-a2299511e6f4.phr	631542	-	-	-	0	0	0	0	0	0	0	0	0	0	0	0	0	0	0	0	0	0	33	0	0	0	0	0	0	0
/input/images/Rosario163_Delao225_a79c76c3-bd2f-3200-2912-20bfe99f7d4d.json	3467445	-	-	-	0	0	0	0	0	0	0	0	0	0	0	0	0	0	0	0	0	0	145	0	0	0	0	0	0	0
/input/images/WilliamSim.phr	4192	-	-	-	0	0	0	0	0	0	0	0	0	0	0	0	0	0	0	0	0	0	5	0	1	0	0	0	2	0
/input/images/Mrs.Tomoko463Kunze215-9dad61c1-ab0e-fef2-260f-dec36788558d.phr	3445598	-	-	-	0	0	0	0	0	0	0	0	0	0	0	0	0	0	0	0	0	0	84	0	0	0	0	0	0	0
/input/images/Mr.Wes853DuBuque211-8dc4ac2f-691f-d83b-1bf0-ca4080ab0b4a.phr	12215021	-	-	-	0	0	0	0	0	0	0	0	0	0	0	0	0	0	0	0	0	0	396	0	0	0	0	0	0	0
/input/images/Adrian111_Smith67_d5b0f2de-08c8-8259-68b0-af1fb66be392.json	989457	-	-	-	0	0	0	0	0	0	0	0	0	0	0	0	0	0	0	0	0	0	53	0	0	0	0	0	0	0
/input/images/Mrs.Scarlett814Stamm704-b722aff7-7d41-fea2-ca71-7770fc0a9eb7.phr	2910147	-	-	-	0	0	0	0	0	0	0	0	0	0	0	0	0	0	0	0	0	0	95	0	0	0	0	0	0	0
/input/images/Mrs.Shaunta614Sanford861-95b19a58-09ae-d6dc-1cb5-532a78b0d3c7.phr	1179193	-	-	-	0	0	0	0	0	0	0	0	0	0	0	0	0	0	0	0	0	0	33	0	0	0	0	0	0	0
/input/images/Scarlett814_Waneta858_Stamm704_b722aff7-7d41-fea2-ca71-7770fc0a9eb7.json	4610639	-	-	-	0	0	0	0	0	0	0	0	0	0	0	0	0	0	0	0	0	0	114	0	0	0	0	0	0	0
/input/images/Mr.Cyril535Koepp521-558aac8d-bd8a-e7fd-ca6e-824c192e9544.phr	1637559	-	-	-	0	0	0	0	0	0	0	0	0	0	0	0	0	0	0	0	0	0	45	0	0	0	0	0	0	0
/input/images/Loriann967_Torp761_81810e78-8279-b01b-f0c8-62f7ebf85613.json	2585690	-	-	-	0	0	0	0	0	0	0	0	0	0	0	0	0	0	0	0	0	0	63	0	0	0	0	0	0	0
/input/images/Gail741_Elaine830_Schumm995_a6e749b3-eff6-94d5-5ee2-fb4a6566deef.json	2713926	-	-	-	0	0	0	0	0	0	0	0	0	0	0	0	0	0	0	0	0	0	89	0	0	0	0	0	0	0
/input/images/Mr.Graig740Tremblay80-54e40745-9772-e4a4-b501-47ae63c99704.phr	2138346	-	-	-	0	0	0	0	0	0	0	0	0	0	0	0	0	0	0	0	0	0	38	0	0	0	0	0	0	0
/input/images/PatientJourneys	0	-	-	-	0	0	0	0	0	0	0	0	0	0	0	0	0	0	0	0	0	0	10	0	0	0	0	0	0	0
/input/images/PatientJourneys/Spencer_Thompson_ae26bfd6-d45b-c819-0de6-a2299511e6f4.phr	11046446	-	-	-	0	0	0	0	0	0	0	0	0	0	0	0	0	0	0	0	0	0	303	0	0	0	0	0	0	0
/input/images/PatientJourneys/Earl_Carrillo_13803def-e365-e248-e7ec-632533574c3c.json	16180366	-	-	-	0	0	0	0	0	0	0	0	0	0	0	0	0	0	0	0	0	0	543	0	0	0	0	0	0	0
/input/images/PatientJourneys/Anne_Goodwin_6a9e8e6f-d4d8-f062-79cf-cbeda88dc2bf.phr	1053750	-	-	-	0	0	0	0	0	0	0	0	0	0	0	0	0	0	0	0	0	0	33	0	0	0	0	0	0	0
/input/images/PatientJourneys/Wilma_Nader_24f4d2f1-b4ef-0654-25a3-bdce21e7ceef.json	940374	-	-	-	0	0	0	0	0	0	0	0	0	0	0	0	0	0	0	0	0	0	40	0	0	0	0	0	0	0
/input/images/PatientJourneys/Marcella_Schumm_a6e749b3-eff6-94d5-5ee2-fb4a6566deef.phr	1692618	-	-	-	0	0	0	0	0	0	0	0	0	0	0	0	0	0	0	0	0	0	56	0	0	0	0	0	0	0
/input/images/PatientJourneys/Marcella_Schumm_a6e749b3-eff6-94d5-5ee2-fb4a6566deef.json	20019937	-	-	-	0	0	0	0	0	0	0	0	0	0	0	0	0	0	0	0	0	0	412	0	0	0	0	0	0	0
/input/images/PatientJourneys/Markus_Ward_69437c6f-772f-6aaf-34b9-b4d3f12d9eaf.json	22026230	-	-	-	0	0	0	0	0	0	0	0	0	0	0	0	0	0	0	0	0	0	537	0	0	0	0	0	0	0
/input/images/PatientJourneys/Earl_Carrillo_13803def-e365-e248-e7ec-632533574c3c.phr	6148139	-	-	-	0	0	0	0	0	0	0	0	0	0	0	0	0	0	0	0	0	0	221	0	0	0	0	0	0	0
/input/images/PatientJourneys/Anne_Goodwin_6a9e8e6f-d4d8-f062-79cf-cbeda88dc2bf.json	1692008	-	-	-	0	0	0	0	0	0	0	0	0	0	0	0	0	0	0	0	0	0	78	0	0	0	0	0	0	0
/input/images/PatientJourneys/Markus_Ward_69437c6f-772f-6aaf-34b9-b4d3f12d9eaf.phr	5775481	-	-	-	0	0	0	0	0	0	0	0	0	0	0	0	0	0	0	0	0	0	152	0	0	0	0	0	0	0
/input/images/PatientJourneys/Spencer_Thompson_ae26bfd6-d45b-c819-0de6-a2299511e6f4.json	972713	-	-	-	0	0	0	0	0	0	0	0	0	0	0	0	0	0	0	0	0	0	35	0	0	0	0	0	0	0
/input/images/PatientJourneys/Wilma_Nader_24f4d2f1-b4ef-0654-25a3-bdce21e7ceef.phr	10999788	-	-	-	0	0	0	0	0	0	0	0	0	0	0	0	0	0	0	0	0	0	343	0	0	0	0	0	0	0
/input/images/Stanley702_Ritchie586_f92c770e-04aa-ff7c-fcf1-2a02166d032a.json	2105309	-	-	-	0	0	0	0	0	0	0	0	0	0	0	0	0	0	0	0	0	0	46	0	0	0	0	0	0	0
/input/images/Sal878_Langworth352_7acef32e-71aa-5737-c892-16420d944e6e.json	51563339	-	-	-	0	0	0	0	0	0	0	0	0	0	0	0	0	0	0	0	0	0	1635	0	0	0	0	0	0	0
/input/images/git-like-operations.png	182683	-	-	-	0	0	0	0	0	0	0	0	0	0	0	0	0	0	0	0	0	0	33	0	0	0	0	0	0	0
/input/images/Mr.Vicente970Botsford977-7f7d92cb-d968-56f9-8ee9-108dfb3dd7ee.phr	4943180	-	-	-	0	0	0	0	0	0	0	0	0	0	0	0	0	0	0	0	0	0	186	0	0	0	0	0	0	0
/input/images/SPHR-ImplementationGuidance.png	1201021	-	-	-	0	0	0	0	0	0	0	0	0	0	0	0	0	0	0	0	0	0	46	0	0	0	0	0	0	0
/input/images/Cyril535_Koepp521_558aac8d-bd8a-e7fd-ca6e-824c192e9544.json	2588747	-	-	-	0	0	0	0	0	0	0	0	0	0	0	0	0	0	0	0	0	0	127	0	0	0	0	0	0	0
/input/images/WilliamSim.sphr	69818	-	-	-	0	0	0	0	0	0	0	0	0	0	0	0	0	0	0	0	0	0	15	0	0	0	0	0	0	0
/input/images/Dee580_Boehm581_4fcce493-43ba-aa15-23e8-653d7648ab08.json	954538	-	-	-	0	0	0	0	0	0	0	0	0	0	0	0	0	0	0	0	0	0	54	0	0	0	0	0	0	0
/input/images/Yu876_Botsford977_c5328d38-7a8c-e245-dabe-2042022047eb.json	4681986	-	-	-	0	0	0	0	0	0	0	0	0	0	0	0	0	0	0	0	0	0	165	0	0	0	0	0	0	0
/input/images/Jarvis643_O'Hara248_91f9ab65-1933-2a48-94b1-b6fef00f7335.json	1599687	-	-	-	0	0	0	0	0	0	0	0	0	0	0	0	0	0	0	0	0	0	40	0	0	0	0	0	0	0
/input/images/Michael441_Ward668_69437c6f-772f-6aaf-34b9-b4d3f12d9eaf.json	8035927	-	-	-	0	0	0	0	0	0	0	0	0	0	0	0	0	0	0	0	0	0	423	0	0	0	0	0	0	0
/input/images/Sina65_Ullrich385_963c7c3a-80ba-5c14-30e9-d3dcf83d6cd4.json	3353328	-	-	-	0	0	0	0	0	0	0	0	0	0	0	0	0	0	0	0	0	0	136	0	0	0	0	0	0	0
/input/images/JennyM-cancer-patient.phr	1172569	-	-	-	0	0	0	0	0	0	0	0	0	0	0	0	0	0	0	0	0	0	118	0	0	0	1	0	0	0
/input/images/Shantae970_Jennine355_Runte676_044934bc-569a-051a-7814-2dac8ad467db.json	3724404	-	-	-	0	0	0	0	0	0	0	0	0	0	0	0	0	0	0	0	0	0	128	0	0	0	0	0	0	0
/input/images/PhrHistory.jpg	589789	-	-	-	0	0	0	0	0	0	0	0	0	0	0	0	0	0	0	0	0	0	33	0	0	0	0	0	0	0
/input/images/Ms.Yu876Botsford977-c5328d38-7a8c-e245-dabe-2042022047eb.phr	2729365	-	-	-	0	0	0	0	0	0	0	0	0	0	0	0	0	0	0	0	0	0	240	0	0	0	0	0	0	0
/input/images/Jarvis643_O'Hara248_91f9ab65-1933-2a48-94b1-b6fef00f7335.phr	11134334	-	-	-	0	0	0	0	0	0	0	0	0	0	0	0	0	0	0	0	0	0	673	0	0	0	0	0	0	0
/input/images/Vicente970_Botsford977_7f7d92cb-d968-56f9-8ee9-108dfb3dd7ee.json	7877702	-	-	-	0	0	0	0	0	0	0	0	0	0	0	0	0	0	0	0	0	0	288	0	0	0	0	0	0	0
/input/images/Maegan141_Cole117_521a2b92-7926-4348-0c8d-3bd3af6da538.json	740413	-	-	-	0	0	0	0	0	0	0	0	0	0	0	0	0	0	0	0	0	0	46	0	0	0	0	0	0	0
/input/images/Ricky354_Boyle917_9532101f-6dc4-e18b-53ae-79a3230fdf70.json	2836851	-	-	-	0	0	0	0	0	0	0	0	0	0	0	0	0	0	0	0	0	0	167	0	0	0	0	0	0	0
/temp/pages/_includes/artifacts.xml	115314	-	-	-	-	-	-	-	-	-	-	-	-	-	-	-	-	-	-	-	-	-	75	1	0	0	0	0	1	0
