{
  "resourceType" : "SearchParameter",
  "id" : "search-from-date",
  "text" : {
    "status" : "generated",
    "div" : "<div xmlns=\"http://www.w3.org/1999/xhtml\"><h2>SearchFromDateSearchParameter</h2><p>Parameter <code>search-from-date</code>:<code>date</code></p><div><p>Return records from this date</p>\n</div><table class=\"grid\"><tr><td>Resource</td><td><a href=\"http://hl7.org/fhir/R4/patient.html\">Patient</a></td></tr><tr><td>Expression</td><td>(none)</td></tr><tr><td>Multiples</td><td>The parameter cannot repeat or have multiple values</td></tr></table></div>"
  },
  "url" : "https://open-health-manager.github.io/standard-patient-health-record-ig/SearchParameter/search-from-date",
  "version" : "0.4.5",
  "name" : "SearchFromDateSearchParameter",
  "status" : "active",
  "date" : "2024-04-24T11:28:13-05:00",
  "publisher" : "MITRE",
  "contact" : [{
    "name" : "MITRE",
    "telecom" : [{
      "system" : "url",
      "value" : "https://open-health-manager.github.io/standard-patient-health-record-ig"
    }]
  }],
  "description" : "Return records from this date",
  "code" : "search-from-date",
  "base" : ["Patient"],
  "type" : "date"
}