"Id","Path","Slice Name","Alias(s)","Label","Min","Max","Must Support?","Is Modifier?","Is Summary?","Type(s)","Short","Definition","Comments","Requirements","Default Value","Meaning When Missing","Fixed Value","Pattern","Example","Minimum Value","Maximum Value","Maximum Length","Binding Strength","Binding Description","Binding Value Set","Code","Slicing Discriminator","Slicing Description","Slicing Ordered","Slicing Rules","Base Path","Base Min","Base Max","Condition(s)","Constraint(s)"
"FinancialReceipt","FinancialReceipt","","","",0,*,"","","","null {[]} {[]}
","Financial Receipt","Financial receipt for over-the-counter (OTC) purchases.  Based off the Claim resource.","","","","","","","","","",,,,,"",,,,"Base",0,*,"",""
"FinancialReceipt.subject","FinancialReceipt.subject","","","",1,1,"","","","Reference {[]} {[]}
","The patient or person that purchased the item","The patient or person that purchased the item","","","","","","","","","",,,,,"",,,,"FinancialReceipt.subject",1,1,"",""
"FinancialReceipt.date","FinancialReceipt.date","","","",1,1,"","","","dateTime {[]} {[]}
","The date that the item was purchased","The date that the item was purchased","","","","","","","","","",,,,,"",,,,"FinancialReceipt.date",1,1,"",""
"FinancialReceipt.amount","FinancialReceipt.amount","","","",1,1,"","","","Money {[]} {[]}
","The amount that the item cost","The amount that the item cost","","","","","","","","","",,,,,"",,,,"FinancialReceipt.amount",1,1,"",""
