{
  "codeSystems" : [
    {
      "url" : "http://hl7.org/fhir/ValueSet/administrative-gender",
      "version" : "4.0.1",
      "status" : "active",
      "name" : "AdministrativeGender",
      "title" : "AdministrativeGender",
      "description" : "The gender of a person used for administrative purposes.",
      "systems" : ["http://hl7.org/fhir/administrative-gender"],
      "oids" : ["2.16.840.1.113883.4.642.3.1"],
      "sources" : ["2.16.840.1.113883.4.642.3.1"],
      "uses" : {
      },
      "StructureDefinition-PhrPatient.html" : "PhrPatient"
    },
    {
      "url" : "http://hl7.org/fhir/ValueSet/body-site",
      "version" : "4.0.1",
      "status" : "draft",
      "name" : "SNOMEDCTBodyStructures",
      "title" : "SNOMED CT Body Structures",
      "description" : "This value set includes all codes from [SNOMED CT](http://snomed.info/sct) where concept is-a 442083009 (Anatomical or acquired body site (body structure)).",
      "systems" : ["http://snomed.info/sct"],
      "oids" : ["2.16.840.1.113883.4.642.3.141"],
      "sources" : ["2.16.840.1.113883.4.642.3.141"],
      "uses" : {
      },
      "StructureDefinition-pcd-sleep-observation.html" : "Patient contributed data: sleep observation",
      "StructureDefinition-PhrMedia.html" : "PhrMedia"
    },
    {
      "url" : "http://hl7.org/fhir/ValueSet/bundle-type",
      "version" : "4.0.1",
      "status" : "active",
      "name" : "BundleType",
      "title" : "BundleType",
      "description" : "Indicates the purpose of a bundle - how it is intended to be used.",
      "systems" : ["http://hl7.org/fhir/bundle-type"],
      "oids" : ["2.16.840.1.113883.4.642.3.620"],
      "sources" : ["2.16.840.1.113883.4.642.3.620"],
      "uses" : {
      },
      "StructureDefinition-PhrBundle.html" : "PhrBundle"
    },
    {
      "url" : "http://hl7.org/fhir/ValueSet/c80-doc-typecodes",
      "version" : "4.0.1",
      "status" : "active",
      "name" : "DocumentTypeValueSet",
      "title" : "Document Type Value Set",
      "description" : "This is the code specifying the precise type of document (e.g. Pulmonary History and  Physical, Discharge Summary, Ultrasound Report, etc.). The Document Type value set includes all LOINC  values listed in HITSP C80 Table 2-144 Document Class Value Set Definition above used for Document Class,  and all LOINC values whose SCALE is DOC in the LOINC database.",
      "systems" : ["http://loinc.org"],
      "oids" : ["2.16.840.1.113883.3.88.12.80.47"],
      "sources" : ["2.16.840.1.113883.3.88.12.80.47"],
      "uses" : {
      },
      "StructureDefinition-PhrDocumentReference.html" : "PhrDocumentReference"
    },
    {
      "url" : "http://hl7.org/fhir/ValueSet/c80-facilitycodes",
      "version" : "4.0.1",
      "status" : "active",
      "name" : "FacilityTypeCodeValueSet",
      "title" : "Facility Type Code Value Set",
      "description" : "This is the code representing the type of organizational setting where the clinical encounter, service, interaction, or treatment occurred. The value set used for Healthcare Facility Type has been defined by HITSP to be the value set reproduced from HITSP C80 Table 2-147.",
      "systems" : ["http://snomed.info/sct"],
      "oids" : ["2.16.840.1.113883.3.88.12.80.67"],
      "sources" : ["2.16.840.1.113883.3.88.12.80.67"],
      "uses" : {
      },
      "StructureDefinition-PhrDocumentReference.html" : "PhrDocumentReference"
    },
    {
      "url" : "http://hl7.org/fhir/ValueSet/c80-practice-codes",
      "version" : "4.0.1",
      "status" : "active",
      "name" : "PracticeSettingCodeValueSet",
      "title" : "Practice Setting Code Value Set",
      "description" : "This is the code representing the clinical specialty of the clinician or provider who interacted with, treated, or provided a service to/for the patient. The value set used for clinical specialty has been limited by HITSP to the value set reproduced from HITSP C80 Table 2-149 Clinical Specialty Value Set Definition.",
      "systems" : ["http://snomed.info/sct"],
      "oids" : ["2.16.840.1.113883.3.88.12.80.72"],
      "sources" : ["2.16.840.1.113883.3.88.12.80.72"],
      "uses" : {
      },
      "StructureDefinition-PhrDocumentReference.html" : "PhrDocumentReference"
    },
    {
      "url" : "http://hl7.org/fhir/ValueSet/composition-attestation-mode",
      "version" : "4.0.1",
      "status" : "draft",
      "name" : "CompositionAttestationMode",
      "title" : "CompositionAttestationMode",
      "description" : "The way in which a person authenticated a composition.",
      "systems" : ["http://hl7.org/fhir/composition-attestation-mode"],
      "oids" : ["2.16.840.1.113883.4.642.3.238"],
      "sources" : ["2.16.840.1.113883.4.642.3.238"],
      "uses" : {
      },
      "StructureDefinition-PhrComposition.html" : "PhrComposition"
    },
    {
      "url" : "http://hl7.org/fhir/ValueSet/composition-status",
      "version" : "4.0.1",
      "status" : "draft",
      "name" : "CompositionStatus",
      "title" : "CompositionStatus",
      "description" : "The workflow/clinical status of the composition.",
      "systems" : ["http://hl7.org/fhir/composition-status"],
      "oids" : ["2.16.840.1.113883.4.642.3.241"],
      "sources" : ["2.16.840.1.113883.4.642.3.241"],
      "uses" : {
      },
      "StructureDefinition-PhrDocumentReference.html" : "PhrDocumentReference",
      "StructureDefinition-PhrComposition.html" : "PhrComposition"
    },
    {
      "url" : "http://hl7.org/fhir/ValueSet/data-absent-reason",
      "version" : "4.0.1",
      "status" : "active",
      "name" : "DataAbsentReason",
      "title" : "DataAbsentReason",
      "description" : "Used to specify why the normally expected content of the data element is missing.",
      "systems" : ["http://terminology.hl7.org/CodeSystem/data-absent-reason"],
      "oids" : ["2.16.840.1.113883.4.642.3.5"],
      "sources" : ["2.16.840.1.113883.4.642.3.5"],
      "uses" : {
      },
      "StructureDefinition-pcd-sleep-observation.html" : "Patient contributed data: sleep observation"
    },
    {
      "url" : "http://hl7.org/fhir/ValueSet/doc-section-codes",
      "version" : "4.0.1",
      "status" : "draft",
      "name" : "DocumentSectionCodes",
      "title" : "Document Section Codes",
      "description" : "Document section codes (LOINC codes used in CCDA sections).",
      "systems" : ["http://loinc.org"],
      "oids" : ["2.16.840.1.113883.4.642.3.237"],
      "sources" : ["2.16.840.1.113883.4.642.3.237"],
      "uses" : {
      },
      "StructureDefinition-PhrComposition.html" : "PhrComposition"
    },
    {
      "url" : "http://hl7.org/fhir/ValueSet/doc-typecodes",
      "version" : "4.0.1",
      "status" : "draft",
      "name" : "FHIRDocumentTypeCodes",
      "title" : "FHIR Document Type Codes",
      "description" : "FHIR Document Codes - all LOINC codes where scale type = 'DOC'.",
      "systems" : ["http://loinc.org"],
      "oids" : ["2.16.840.1.113883.4.642.3.240"],
      "sources" : ["2.16.840.1.113883.4.642.3.240"],
      "uses" : {
      },
      "StructureDefinition-PhrComposition.html" : "PhrComposition"
    },
    {
      "url" : "http://hl7.org/fhir/ValueSet/document-classcodes",
      "version" : "4.0.1",
      "status" : "active",
      "name" : "DocumentClassValueSet",
      "title" : "Document Class Value Set",
      "description" : "This is the code specifying the high-level kind of document (e.g. Prescription, Discharge Summary, Report, etc.). Note: Class code for documents comes from LOINC, and is based upon one of the following:The type of service described by the document. It is described at a very high level in Section 7.3 of the LOINC Manual. The type study performed. It was determined by identifying modalities for study reports. The section of the chart where the document is placed. It was determined from the SETs created for Claims Attachment requests.",
      "systems" : ["http://loinc.org"],
      "oids" : ["2.16.840.1.113883.3.88.12.80.46"],
      "sources" : ["2.16.840.1.113883.3.88.12.80.46"],
      "uses" : {
      },
      "StructureDefinition-PhrDocumentReference.html" : "PhrDocumentReference",
      "StructureDefinition-PhrComposition.html" : "PhrComposition"
    },
    {
      "url" : "http://hl7.org/fhir/ValueSet/document-reference-status",
      "version" : "4.0.1",
      "status" : "draft",
      "name" : "DocumentReferenceStatus",
      "title" : "DocumentReferenceStatus",
      "description" : "The status of the document reference.",
      "systems" : ["http://hl7.org/fhir/document-reference-status"],
      "oids" : ["2.16.840.1.113883.4.642.3.7"],
      "sources" : ["2.16.840.1.113883.4.642.3.7"],
      "uses" : {
      },
      "StructureDefinition-PhrDocumentReference.html" : "PhrDocumentReference"
    },
    {
      "url" : "http://hl7.org/fhir/ValueSet/document-relationship-type",
      "version" : "4.0.1",
      "status" : "draft",
      "name" : "DocumentRelationshipType",
      "title" : "DocumentRelationshipType",
      "description" : "The type of relationship between documents.",
      "systems" : ["http://hl7.org/fhir/document-relationship-type"],
      "oids" : ["2.16.840.1.113883.4.642.3.244"],
      "sources" : ["2.16.840.1.113883.4.642.3.244"],
      "uses" : {
      },
      "StructureDefinition-PhrDocumentReference.html" : "PhrDocumentReference",
      "StructureDefinition-PhrComposition.html" : "PhrComposition"
    },
    {
      "url" : "http://hl7.org/fhir/ValueSet/event-status",
      "version" : "4.0.1",
      "status" : "draft",
      "name" : "EventStatus",
      "title" : "EventStatus",
      "description" : "Codes identifying the lifecycle stage of an event.",
      "systems" : ["http://hl7.org/fhir/event-status"],
      "oids" : ["2.16.840.1.113883.4.642.3.109"],
      "sources" : ["2.16.840.1.113883.4.642.3.109"],
      "uses" : {
      },
      "StructureDefinition-PhrMedia.html" : "PhrMedia"
    },
    {
      "url" : "http://hl7.org/fhir/ValueSet/formatcodes",
      "version" : "4.0.1",
      "status" : "active",
      "name" : "DocumentReferenceFormatCodeSet",
      "title" : "DocumentReference Format Code Set",
      "description" : "The value set is defined to be the set of format codes defined by the IHE Technical Framework, and also including additional format codes defined by the    HL7. The value set is listed in HITSP C80 Table 2-153 Format Code Value Set Definition,    with additions published later by IHE as published    at http://wiki.ihe.net/index.php?title=IHE_Format_Codes   and with additions published later by HL7 as published at https://confluence.hl7.org/display/SD/Format+Codes+for+IHE+XDS.   This is the code specifying the technical format of the document. Along with the typeCode,    it should provide sufficient information to allow any potential document consumer to know    if it will be able to process the document. The code shall be sufficiently specific to    ensure processing/display by identifying a document encoding, structure and template. The actual list of codes here is incomplete",
      "systems" : ["http://ihe.net/fhir/ValueSet/IHE.FormatCode.codesystem"],
      "oids" : ["1.3.6.1.4.1.19376.1.2.7.1"],
      "sources" : ["1.3.6.1.4.1.19376.1.2.7.1"],
      "uses" : {
      },
      "StructureDefinition-PhrDocumentReference.html" : "PhrDocumentReference"
    },
    {
      "url" : "http://hl7.org/fhir/ValueSet/http-verb",
      "version" : "4.0.1",
      "status" : "active",
      "name" : "HTTPVerb",
      "title" : "HTTPVerb",
      "description" : "HTTP verbs (in the HTTP command line). See [HTTP rfc](https://tools.ietf.org/html/rfc7231) for details.",
      "systems" : ["http://hl7.org/fhir/http-verb"],
      "oids" : ["2.16.840.1.113883.4.642.3.624"],
      "sources" : ["2.16.840.1.113883.4.642.3.624"],
      "uses" : {
      },
      "StructureDefinition-PhrBundle.html" : "PhrBundle"
    },
    {
      "url" : "http://hl7.org/fhir/ValueSet/languages",
      "version" : "4.0.1",
      "status" : "draft",
      "name" : "CommonLanguages",
      "title" : "Common Languages",
      "description" : "This value set includes common codes from BCP-47 (http://tools.ietf.org/html/bcp47)",
      "systems" : ["urn:ietf:bcp:47"],
      "oids" : ["2.16.840.1.113883.4.642.3.20"],
      "sources" : ["2.16.840.1.113883.4.642.3.20"],
      "uses" : {
      },
      "StructureDefinition-Environmental.html" : "Environmental",
      "StructureDefinition-PhrDocumentReference.html" : "PhrDocumentReference",
      "StructureDefinition-PhrBundle.html" : "PhrBundle",
      "StructureDefinition-NutrientOuttake.html" : "NutrientOuttake",
      "StructureDefinition-PhrComposition.html" : "PhrComposition",
      "StructureDefinition-SocialMedia.html" : "SocialMedia",
      "StructureDefinition-PhrPatient.html" : "PhrPatient",
      "StructureDefinition-pcd-sleep-observation.html" : "Patient contributed data: sleep observation",
      "StructureDefinition-PhrMedia.html" : "PhrMedia",
      "StructureDefinition-PhrProvenance.html" : "PhrProvenance"
    },
    {
      "url" : "http://hl7.org/fhir/ValueSet/link-type",
      "version" : "4.0.1",
      "status" : "active",
      "name" : "LinkType",
      "title" : "LinkType",
      "description" : "The type of link between this patient resource and another patient resource.",
      "systems" : ["http://hl7.org/fhir/link-type"],
      "oids" : ["2.16.840.1.113883.4.642.3.423"],
      "sources" : ["2.16.840.1.113883.4.642.3.423"],
      "uses" : {
      },
      "StructureDefinition-PhrPatient.html" : "PhrPatient"
    },
    {
      "url" : "http://hl7.org/fhir/ValueSet/list-empty-reason",
      "version" : "4.0.1",
      "status" : "draft",
      "name" : "ListEmptyReasons",
      "title" : "List Empty Reasons",
      "description" : "General reasons for a list to be empty. Reasons are either related to a summary list (i.e. problem or medication list) or to a workflow related list (i.e. consultation list).",
      "systems" : ["http://terminology.hl7.org/CodeSystem/list-empty-reason"],
      "oids" : ["2.16.840.1.113883.4.642.3.322"],
      "sources" : ["2.16.840.1.113883.4.642.3.322"],
      "uses" : {
      },
      "StructureDefinition-PhrComposition.html" : "PhrComposition"
    },
    {
      "url" : "http://hl7.org/fhir/ValueSet/list-mode",
      "version" : "4.0.1",
      "status" : "draft",
      "name" : "ListMode",
      "title" : "ListMode",
      "description" : "The processing mode that applies to this list.",
      "systems" : ["http://hl7.org/fhir/list-mode"],
      "oids" : ["2.16.840.1.113883.4.642.3.318"],
      "sources" : ["2.16.840.1.113883.4.642.3.318"],
      "uses" : {
      },
      "StructureDefinition-PhrComposition.html" : "PhrComposition"
    },
    {
      "url" : "http://hl7.org/fhir/ValueSet/list-order",
      "version" : "4.0.1",
      "status" : "draft",
      "name" : "ListOrderCodes",
      "title" : "List Order Codes",
      "description" : "Base values for the order of the items in a list resource.",
      "systems" : ["http://terminology.hl7.org/CodeSystem/list-order"],
      "oids" : ["2.16.840.1.113883.4.642.3.324"],
      "sources" : ["2.16.840.1.113883.4.642.3.324"],
      "uses" : {
      },
      "StructureDefinition-PhrComposition.html" : "PhrComposition"
    },
    {
      "url" : "http://hl7.org/fhir/ValueSet/marital-status",
      "version" : "4.0.1",
      "status" : "active",
      "name" : "Marital Status Codes",
      "title" : "MaritalStatus",
      "description" : "This value set defines the set of codes that can be used to indicate the marital status of a person.",
      "systems" : [
        "http://terminology.hl7.org/CodeSystem/v3-MaritalStatus",
        "http://terminology.hl7.org/CodeSystem/v3-NullFlavor"
      ],
      "oids" : ["2.16.840.1.113883.4.642.3.29"],
      "sources" : ["2.16.840.1.113883.4.642.3.29"],
      "uses" : {
      },
      "StructureDefinition-PhrPatient.html" : "PhrPatient"
    },
    {
      "url" : "http://hl7.org/fhir/ValueSet/media-modality",
      "version" : "4.0.1",
      "status" : "draft",
      "name" : "MediaModality",
      "title" : "Media Modality",
      "description" : "Detailed information about the type of the image - its kind, purpose, or the kind of equipment used to generate it.",
      "systems" : ["http://terminology.hl7.org/CodeSystem/media-modality"],
      "oids" : ["2.16.840.1.113883.4.642.3.1001"],
      "sources" : ["2.16.840.1.113883.4.642.3.1001"],
      "uses" : {
      },
      "StructureDefinition-PhrMedia.html" : "PhrMedia"
    },
    {
      "url" : "http://hl7.org/fhir/ValueSet/media-type",
      "version" : "4.0.1",
      "status" : "draft",
      "name" : "MediaType",
      "title" : "Media Type",
      "description" : "Codes for high level media categories.",
      "systems" : ["http://terminology.hl7.org/CodeSystem/media-type"],
      "oids" : ["2.16.840.1.113883.4.642.3.1000"],
      "sources" : ["2.16.840.1.113883.4.642.3.1000"],
      "uses" : {
      },
      "StructureDefinition-PhrMedia.html" : "PhrMedia"
    },
    {
      "url" : "http://hl7.org/fhir/ValueSet/media-view",
      "version" : "4.0.1",
      "status" : "draft",
      "name" : "MediaCollectionView/Projection",
      "title" : "Media Collection View/Projection",
      "description" : "Codes defined in SNOMED CT that can be used to record Media Recording views.",
      "systems" : ["http://snomed.info/sct"],
      "oids" : ["2.16.840.1.113883.4.642.3.337"],
      "sources" : ["2.16.840.1.113883.4.642.3.337"],
      "uses" : {
      },
      "StructureDefinition-PhrMedia.html" : "PhrMedia"
    },
    {
      "url" : "http://hl7.org/fhir/ValueSet/observation-category",
      "version" : "4.0.1",
      "status" : "draft",
      "name" : "ObservationCategoryCodes",
      "title" : "Observation Category Codes",
      "description" : "Observation Category codes.",
      "systems" : ["http://terminology.hl7.org/CodeSystem/observation-category"],
      "oids" : ["2.16.840.1.113883.4.642.3.403"],
      "sources" : ["2.16.840.1.113883.4.642.3.403"],
      "uses" : {
      },
      "StructureDefinition-pcd-sleep-observation.html" : "Patient contributed data: sleep observation"
    },
    {
      "url" : "http://hl7.org/fhir/ValueSet/observation-codes",
      "version" : "4.0.1",
      "status" : "draft",
      "name" : "LOINCCodes",
      "title" : "LOINC Codes",
      "description" : "This value set includes all LOINC codes",
      "systems" : ["http://loinc.org"],
      "oids" : ["2.16.840.1.113883.4.642.3.396"],
      "sources" : ["2.16.840.1.113883.4.642.3.396"],
      "uses" : {
      },
      "StructureDefinition-pcd-sleep-observation.html" : "Patient contributed data: sleep observation"
    },
    {
      "url" : "http://hl7.org/fhir/ValueSet/observation-interpretation",
      "version" : "4.0.1",
      "status" : "active",
      "name" : "ObservationInterpretationCodes",
      "title" : "Observation Interpretation Codes",
      "description" : "A categorical assessment, providing a rough qualitative interpretation of the observation value,    such as “normal”/ “abnormal”,”low” / “high”, “better” / “worse”, “susceptible” / “resistant”, “expected”/ “not expected”.    The value set is intended to be for ANY use where coded representation of an interpretation is needed.   \r\n   \r\n   Notes:\r\n   \r\n   This is being communicated in v2.x in OBX-8 (Observation Interpretation), in v3 in ObservationInterpretation (CWE) in R1 (Representative Realm) and in FHIR in    Observation.interpretation. Historically these values come from the laboratory domain, and these codes are extensively    used. The value set binding is extensible, so codes outside the value set that are needed for interpretation concepts    (i.e. particular meanings) that are not included in the value set can be used, and these new codes may also be added to    the value set and published in a future version.",
      "systems" : [
        "http://terminology.hl7.org/CodeSystem/v3-ObservationInterpretation"
      ],
      "oids" : ["2.16.840.1.113883.4.642.3.399"],
      "sources" : ["2.16.840.1.113883.4.642.3.399"],
      "uses" : {
      },
      "StructureDefinition-pcd-sleep-observation.html" : "Patient contributed data: sleep observation"
    },
    {
      "url" : "http://hl7.org/fhir/ValueSet/observation-methods",
      "version" : "4.0.1",
      "status" : "draft",
      "name" : "ObservationMethods",
      "title" : "Observation Methods",
      "description" : "Observation Method codes from [SNOMED CT](http://snomed.info/sct) where concept is-a 272394005 (Technique (qualifier value)) or is-a 129264002 (Action (qualifier value)) or is-a 386053000 (Evaluation procedure(procedure))",
      "systems" : ["http://snomed.info/sct"],
      "oids" : ["2.16.840.1.113883.4.642.3.395"],
      "sources" : ["2.16.840.1.113883.4.642.3.395"],
      "uses" : {
      },
      "StructureDefinition-pcd-sleep-observation.html" : "Patient contributed data: sleep observation"
    },
    {
      "url" : "http://hl7.org/fhir/ValueSet/observation-status",
      "version" : "4.0.1",
      "status" : "active",
      "name" : "ObservationStatus",
      "title" : "ObservationStatus",
      "description" : "Codes providing the status of an observation.",
      "systems" : ["http://hl7.org/fhir/observation-status"],
      "oids" : ["2.16.840.1.113883.4.642.3.400"],
      "sources" : ["2.16.840.1.113883.4.642.3.400"],
      "uses" : {
      },
      "StructureDefinition-pcd-sleep-observation.html" : "Patient contributed data: sleep observation"
    },
    {
      "url" : "http://hl7.org/fhir/ValueSet/patient-contactrelationship",
      "version" : "4.0.1",
      "status" : "active",
      "name" : "PatientContactRelationship",
      "title" : "Patient Contact Relationship ",
      "description" : "The nature of the relationship between the patient and the contact person.",
      "systems" : ["http://terminology.hl7.org/CodeSystem/v2-0131"],
      "oids" : ["2.16.840.1.113883.4.642.3.1130"],
      "sources" : ["2.16.840.1.113883.4.642.3.1130"],
      "uses" : {
      },
      "StructureDefinition-PhrPatient.html" : "PhrPatient"
    },
    {
      "url" : "http://hl7.org/fhir/ValueSet/procedure-reason",
      "version" : "4.0.1",
      "status" : "draft",
      "name" : "ProcedureReasonCodes",
      "title" : "Procedure Reason Codes",
      "description" : "This example value set defines the set of codes that can be used to indicate a reason for a procedure.",
      "systems" : ["http://snomed.info/sct"],
      "oids" : ["2.16.840.1.113883.4.642.3.432"],
      "sources" : ["2.16.840.1.113883.4.642.3.432"],
      "uses" : {
      },
      "StructureDefinition-PhrMedia.html" : "PhrMedia"
    },
    {
      "url" : "http://hl7.org/fhir/ValueSet/provenance-activity-type",
      "version" : "4.0.1",
      "status" : "draft",
      "name" : "ProvenanceActivityType",
      "title" : "Provenance activity type",
      "description" : "This value set contains representative Activity Type codes, which includes codes from the HL7 DocumentCompletion, ActStatus, and DataOperations code system, W3C PROV-DM and PROV-N concepts and display names, several HL7 Lifecycle Event codes for which there are agreed upon definitions, and non-duplicated codes from the HL7 Security and Privacy Ontology Operations codes.",
      "systems" : [
        "http://terminology.hl7.org/CodeSystem/v3-DocumentCompletion",
        "http://terminology.hl7.org/CodeSystem/v3-DataOperation",
        "http://terminology.hl7.org/CodeSystem/v3-ActCode",
        "http://terminology.hl7.org/CodeSystem/v3-ParticipationType"
      ],
      "oids" : ["2.16.840.1.113883.4.642.3.438"],
      "sources" : ["2.16.840.1.113883.4.642.3.438"],
      "uses" : {
      },
      "StructureDefinition-PhrProvenance.html" : "PhrProvenance"
    },
    {
      "url" : "http://hl7.org/fhir/ValueSet/provenance-agent-type",
      "version" : "4.0.1",
      "status" : "draft",
      "name" : "ProvenanceParticipantType",
      "title" : "Provenance participant type",
      "description" : "The type of participation a provenance participant.",
      "systems" : [
        "http://terminology.hl7.org/CodeSystem/provenance-participant-type"
      ],
      "oids" : ["2.16.840.1.113883.4.642.3.1003"],
      "sources" : ["2.16.840.1.113883.4.642.3.1003"],
      "uses" : {
      },
      "StructureDefinition-PhrProvenance.html" : "PhrProvenance"
    },
    {
      "url" : "http://hl7.org/fhir/ValueSet/provenance-entity-role",
      "version" : "4.0.1",
      "status" : "draft",
      "name" : "ProvenanceEntityRole",
      "title" : "ProvenanceEntityRole",
      "description" : "How an entity was used in an activity.",
      "systems" : ["http://hl7.org/fhir/provenance-entity-role"],
      "oids" : ["2.16.840.1.113883.4.642.3.436"],
      "sources" : ["2.16.840.1.113883.4.642.3.436"],
      "uses" : {
      },
      "StructureDefinition-PhrProvenance.html" : "PhrProvenance"
    },
    {
      "url" : "http://hl7.org/fhir/ValueSet/referencerange-appliesto",
      "version" : "4.0.1",
      "status" : "draft",
      "name" : "ObservationReferenceRangeAppliesToCodes",
      "title" : "Observation Reference Range Applies To Codes",
      "description" : "This value set defines a set of codes that can be used to indicate the particular target population the reference range applies to.",
      "systems" : [
        "http://terminology.hl7.org/CodeSystem/v3-Race",
        "http://snomed.info/sct"
      ],
      "oids" : ["2.16.840.1.113883.4.642.3.407"],
      "sources" : ["2.16.840.1.113883.4.642.3.407"],
      "uses" : {
      },
      "StructureDefinition-pcd-sleep-observation.html" : "Patient contributed data: sleep observation"
    },
    {
      "url" : "http://hl7.org/fhir/ValueSet/referencerange-meaning",
      "version" : "4.0.1",
      "status" : "draft",
      "name" : "ObservationReferenceRangeMeaningCodes",
      "title" : "Observation Reference Range Meaning Codes",
      "description" : "This value set defines a set of codes that can be used to indicate the meaning/use of a reference range for a particular target population.",
      "systems" : [
        "http://terminology.hl7.org/CodeSystem/referencerange-meaning"
      ],
      "oids" : ["2.16.840.1.113883.4.642.3.397"],
      "sources" : ["2.16.840.1.113883.4.642.3.397"],
      "uses" : {
      },
      "StructureDefinition-pcd-sleep-observation.html" : "Patient contributed data: sleep observation"
    },
    {
      "url" : "http://hl7.org/fhir/ValueSet/search-entry-mode",
      "version" : "4.0.1",
      "status" : "active",
      "name" : "SearchEntryMode",
      "title" : "SearchEntryMode",
      "description" : "Why an entry is in the result set - whether it's included as a match or because of an _include requirement, or to convey information or warning information about the search process.",
      "systems" : ["http://hl7.org/fhir/search-entry-mode"],
      "oids" : ["2.16.840.1.113883.4.642.3.622"],
      "sources" : ["2.16.840.1.113883.4.642.3.622"],
      "uses" : {
      },
      "StructureDefinition-PhrBundle.html" : "PhrBundle"
    },
    {
      "url" : "http://hl7.org/fhir/ValueSet/security-labels",
      "version" : "4.0.1",
      "status" : "active",
      "name" : "All Security Labels",
      "title" : "SecurityLabels",
      "description" : "A single value set for all security labels defined by FHIR.",
      "systems" : [
        "http://terminology.hl7.org/CodeSystem/v3-ActReason",
        "http://terminology.hl7.org/CodeSystem/v3-ActUSPrivacyLaw",
        "http://terminology.hl7.org/CodeSystem/v3-ObservationValue",
        "http://terminology.hl7.org/CodeSystem/v3-ActCode",
        "http://terminology.hl7.org/CodeSystem/v3-Confidentiality"
      ],
      "oids" : ["2.16.840.1.113883.4.642.3.47"],
      "sources" : ["2.16.840.1.113883.4.642.3.47"],
      "uses" : {
      },
      "StructureDefinition-PhrDocumentReference.html" : "PhrDocumentReference"
    },
    {
      "url" : "http://hl7.org/fhir/ValueSet/security-role-type",
      "version" : "4.0.1",
      "status" : "draft",
      "name" : "SecurityRoleType",
      "title" : "SecurityRoleType",
      "description" : "This example FHIR value set is comprised of example Actor Type codes, which can be used to value FHIR agents, actors, and other role         elements such as those specified in financial transactions. The FHIR Actor value set is based on    DICOM Audit Message, C402;   ASTM Standard, E1762-95 [2013]; selected codes and          derived actor roles from HL7 RoleClass OID 2.16.840.1.113883.5.110;    HL7 Role Code 2.16.840.1.113883.5.111, including AgentRoleType;          HL7 ParticipationType OID: 2.16.840.1.113883.5.90; and    HL7 ParticipationFunction codes OID: 2.16.840.1.113883.5.88.           This value set includes, by reference, role codes from external code systems: NUCC Health Care Provider Taxonomy OID: 2.16.840.1.113883.6.101;          North American Industry Classification System [NAICS]OID: 2.16.840.1.113883.6.85; IndustryClassificationSystem 2.16.840.1.113883.1.11.16039;          and US Census Occupation Code OID: 2.16.840.1.113883.6.243 for relevant recipient or custodian codes not included in this value set.            If no source is indicated in the definition comments, then these are example FHIR codes.          It can be extended with appropriate roles described by SNOMED as well as those described in the HL7 Role Based Access Control Catalog and the          HL7 Healthcare (Security and Privacy) Access Control Catalog.            In Role-Based Access Control (RBAC), permissions are operations on an object that a user wishes to access. Permissions are grouped into roles.          A role characterizes the functions a user is allowed to perform. Roles are assigned to users. If the user's role has the appropriate permissions          to access an object, then that user is granted access to the object. FHIR readily enables RBAC, as FHIR Resources are object types and the CRUDE          events (the FHIR equivalent to permissions in the RBAC scheme) are operations on those objects.          In Attribute-Based Access Control (ABAC), a user requests to perform operations on objects. That user's access request is granted or denied          based on a set of access control policies that are specified in terms of attributes and conditions. FHIR readily enables ABAC, as instances of          a Resource in FHIR (again, Resources are object types) can have attributes associated with them. These attributes include security tags,          environment conditions, and a host of user and object characteristics, which are the same attributes as those used in ABAC. Attributes help          define the access control policies that determine the operations a user may perform on a Resource (in FHIR) or object (in ABAC). For example,          a tag (or attribute) may specify that the identified Resource (object) is not to be further disclosed without explicit consent from the patient.",
      "systems" : [
        "http://terminology.hl7.org/CodeSystem/extra-security-role-type",
        "http://terminology.hl7.org/CodeSystem/v3-RoleCode",
        "http://terminology.hl7.org/CodeSystem/v3-RoleClass",
        "http://terminology.hl7.org/CodeSystem/v3-ParticipationFunction",
        "http://terminology.hl7.org/CodeSystem/contractsignertypecodes",
        "http://terminology.hl7.org/CodeSystem/v3-ParticipationType",
        "http://dicom.nema.org/resources/ontology/DCM"
      ],
      "oids" : ["2.16.840.1.113883.4.642.3.978"],
      "sources" : ["2.16.840.1.113883.4.642.3.978"],
      "uses" : {
      },
      "StructureDefinition-PhrProvenance.html" : "PhrProvenance"
    },
    {
      "url" : "http://terminology.hl7.org/ValueSet/v3-ActCode",
      "version" : "3.0.0",
      "status" : "active",
      "name" : "ActCode",
      "title" : "v3 Code System ActCode",
      "description" : "A code specifying the particular kind of Act that the Act-instance represents within its class.  Constraints:\r\nThe kind of Act (e.g. physical examination, serum potassium, inpatient encounter, charge financial transaction, etc.) is specified with a code from one of several, typically external, coding systems.  The coding system will depend on the class of Act, such as LOINC for observations, etc. Conceptually, the Act.code must be a specialization of the Act.classCode. This is why the structure of ActClass domain should be reflected in the superstructure of the ActCode domain and then individual codes or externally referenced vocabularies subordinated under these domains that reflect the ActClass structure. Act.classCode and Act.code are not modifiers of each other but the Act.code concept should really imply the Act.classCode concept. For a negative example, it is not appropriate to use an Act.code \"potassium\" together with and Act.classCode for \"laboratory observation\" to somehow mean \"potassium laboratory observation\" and then use the same Act.code for \"potassium\" together with Act.classCode for \"medication\" to mean \"substitution of potassium\". This mutually modifying use of Act.code and Act.classCode is not permitted.",
      "systems" : ["http://terminology.hl7.org/CodeSystem/v3-ActCode"],
      "uses" : {
      },
      "StructureDefinition-PhrDocumentReference.html" : "PhrDocumentReference",
      "StructureDefinition-PhrComposition.html" : "PhrComposition"
    },
    {
      "url" : "http://terminology.hl7.org/ValueSet/v3-ConfidentialityClassification",
      "version" : "2014-03-26",
      "status" : "active",
      "name" : "v3.ConfidentialityClassification",
      "title" : "V3 Value SetConfidentialityClassification",
      "description" : " Set of codes used to value Act.Confidentiality and Role.Confidentiality attribute in accordance with the definition for concept domain \"Confidentiality\".",
      "systems" : ["http://terminology.hl7.org/CodeSystem/v3-Confidentiality"],
      "oids" : ["2.16.840.1.113883.1.11.10228"],
      "sources" : ["2.16.840.1.113883.1.11.10228"],
      "uses" : {
      },
      "StructureDefinition-PhrComposition.html" : "PhrComposition"
    },
    {
      "url" : "http://terminology.hl7.org/ValueSet/v3-PurposeOfUse",
      "version" : "3.0.0",
      "status" : "active",
      "name" : "PurposeOfUse",
      "title" : "PurposeOfUse",
      "description" : "Supports communication of purpose of use at a general level.",
      "systems" : ["http://terminology.hl7.org/CodeSystem/v3-ActReason"],
      "oids" : ["2.16.840.1.113883.1.11.20448"],
      "sources" : ["2.16.840.1.113883.1.11.20448"],
      "uses" : {
      },
      "StructureDefinition-PhrProvenance.html" : "PhrProvenance"
    },
    {
      "url" : "https://open-health-manager.github.io/standard-patient-health-record-ig/ValueSet/apple-health-kit-biological-sex-value-set",
      "version" : "0.4.6",
      "status" : "draft",
      "name" : "AppleHealthKitBiologicalSexValueSet",
      "title" : "Apple HealthKit Biological Sex Value Set",
      "description" : "Apple HealthKit Biological Sex Value Set",
      "systems" : [
        "https://open-health-manager.github.io/standard-patient-health-record-ig/CodeSystem/apple-health-kit-biological-sex-code-system"
      ],
      "uses" : {
      },
      "StructureDefinition-apple-health-kit-healthstore-characteristic.html" : "Apple HealthKit HealthStore Characteristic Logical Model"
    },
    {
      "url" : "https://open-health-manager.github.io/standard-patient-health-record-ig/ValueSet/apple-health-kit-category-type-value-set",
      "version" : "0.4.6",
      "status" : "draft",
      "name" : "AppleHealthKitCategoryTypeValueSet",
      "title" : "Apple HealthKit Category Type Value Set",
      "description" : "A type that identifies samples that contain a value from a small set of possible values.",
      "systems" : [
        "https://open-health-manager.github.io/standard-patient-health-record-ig/CodeSystem/apple-health-kit-category-type-code-system"
      ],
      "uses" : {
      },
      "StructureDefinition-apple-health-kit-category-sample.html" : "Apple HealthKit Category Sample Logical Model"
    },
    {
      "url" : "https://open-health-manager.github.io/standard-patient-health-record-ig/ValueSet/apple-health-kit-characteristic-type-value-set",
      "version" : "0.4.6",
      "status" : "draft",
      "name" : "AppleHealthKitCharacteristicTypeValueSet",
      "title" : "Apple HealthKit Charactersitic Type Value Set",
      "description" : "Apple HealthKit Charactersitic Type Value Set",
      "systems" : [
        "https://open-health-manager.github.io/standard-patient-health-record-ig/CodeSystem/apple-health-kit-characteristic-type-code-system"
      ],
      "uses" : {
      },
      "StructureDefinition-apple-health-kit-healthstore-characteristic.html" : "Apple HealthKit HealthStore Characteristic Logical Model"
    },
    {
      "url" : "https://open-health-manager.github.io/standard-patient-health-record-ig/ValueSet/apple-health-kit-correlation-type-value-set",
      "version" : "0.4.6",
      "status" : "draft",
      "name" : "AppleHealthKitCorrelationTypeValueSet",
      "title" : "Apple HealthKit Correlation Type Value Set",
      "description" : "Possible values for AppleHealthKitSample.correlationType",
      "systems" : [
        "https://open-health-manager.github.io/standard-patient-health-record-ig/CodeSystem/apple-health-kit-correlation-type-code-system"
      ],
      "uses" : {
      },
      "StructureDefinition-apple-health-kit-correlation-sample.html" : "Apple HealthKit Correlation Sample Logical Model"
    },
    {
      "url" : "https://open-health-manager.github.io/standard-patient-health-record-ig/ValueSet/apple-health-kit-quantity-type-value-set",
      "version" : "0.4.6",
      "status" : "draft",
      "name" : "AppleHealthKitQuantityTypeValueSet",
      "title" : "Apple HealthKit Quantity Type Value Set",
      "description" : "Possible values for AppleHealthKitSample.quantityType",
      "systems" : [
        "https://open-health-manager.github.io/standard-patient-health-record-ig/CodeSystem/apple-health-kit-quantity-type-code-system"
      ],
      "uses" : {
      },
      "StructureDefinition-apple-health-kit-quantity-sample.html" : "Apple HealthKit Quantity Sample Logical Model"
    },
    {
      "url" : "https://open-health-manager.github.io/standard-patient-health-record-ig/ValueSet/apple-health-kit-sample-type-value-set",
      "version" : "0.4.6",
      "status" : "draft",
      "name" : "AppleHealthKitSampleTypeValueSet",
      "title" : "Apple HealthKit Sample Type Value Set",
      "description" : "Possible values for AppleHealthKitSample.sampleType",
      "systems" : [
        "https://open-health-manager.github.io/standard-patient-health-record-ig/CodeSystem/apple-health-kit-sample-type-code-system"
      ],
      "uses" : {
      },
      "StructureDefinition-apple-health-kit-sample.html" : "Apple HealthKit Sample Logical Model",
      "StructureDefinition-apple-health-kit-quantity-sample.html" : "Apple HealthKit Quantity Sample Logical Model",
      "StructureDefinition-apple-health-kit-correlation-sample.html" : "Apple HealthKit Correlation Sample Logical Model",
      "StructureDefinition-apple-health-kit-workout-sample.html" : "Apple HealthKit Workout Sample Logical Model",
      "StructureDefinition-apple-health-kit-category-sample.html" : "Apple HealthKit Category Sample Logical Model"
    },
    {
      "url" : "https://open-health-manager.github.io/standard-patient-health-record-ig/ValueSet/apple-health-kit-workout-activity-type-value-set",
      "version" : "0.4.6",
      "status" : "draft",
      "name" : "AppleHealthKitWorkoutActivityTypeValueSet",
      "title" : "Apple HealthKit Workout Activity Type Value Set",
      "description" : "Possible values for AppleHealthLitSample.workoutActivityType",
      "systems" : [
        "https://open-health-manager.github.io/standard-patient-health-record-ig/CodeSystem/apple-health-kit-workout-activity-type-code-system"
      ],
      "uses" : {
      },
      "StructureDefinition-apple-health-kit-workout-sample.html" : "Apple HealthKit Workout Sample Logical Model"
    },
    {
      "url" : "https://open-health-manager.github.io/standard-patient-health-record-ig/ValueSet/apple-health-kit-workout-event-type-value-set",
      "version" : "0.4.6",
      "status" : "draft",
      "name" : "AppleHealthKitWorkoutEventTypeValueSet",
      "title" : "Apple HealthKit Workout Event Type Value Set",
      "description" : "Possible values for AppleHealthKitWorkoutEvent.type",
      "systems" : [
        "https://open-health-manager.github.io/standard-patient-health-record-ig/CodeSystem/apple-health-kit-workout-event-type-code-system"
      ],
      "uses" : {
      },
      "StructureDefinition-apple-health-kit-workout-event.html" : "Apple HealthKit Workout Event Logical Model"
    },
    {
      "url" : "https://open-health-manager.github.io/standard-patient-health-record-ig/ValueSet/pcd-sleep-observation-code",
      "version" : "0.4.6",
      "status" : "draft",
      "name" : "PCDSleepObservationCode",
      "title" : "Patient contributed data: sleep observation code",
      "description" : "This value set includes codes to track patient sleep recorded by device or app",
      "systems" : ["http://loinc.org", "http://snomed.info/sct"],
      "uses" : {
      },
      "StructureDefinition-pcd-sleep-observation.html" : "Patient contributed data: sleep observation"
    },
    {
      "url" : "https://open-health-manager.github.io/standard-patient-health-record-ig/ValueSet/pcd-sleep-observation-value",
      "version" : "0.4.6",
      "status" : "draft",
      "name" : "PCDSleepStageValueCode",
      "title" : "Patient contributed data: sleep stage value",
      "description" : "This value set includes codes to track patient sleep values recorded by device or app",
      "systems" : ["http://snomed.info/sct"],
      "uses" : {
      },
      "StructureDefinition-pcd-sleep-observation.html" : "Patient contributed data: sleep observation"
    }
  ]
}
